,churn,tenure,contract_renewal,data_plan,data_usage,cust_serv_calls,day_mins,DayCalls,monthly_charges,overage_fee,roam_minutes,state
0,0,128,Yes,1,2.7,1,265.1,110,89,9.87,10,NH
1,0,107,Yes,1,3.7,1,161.6,123,82,9.78,13.7,ME
2,0,137,Yes,0,0,0,243.4,114,52,6.06,12.2,ME
3,0,84,No,0,0,2,299.4,71,57,3.1,6.6,ME
4,0,75,No,0,0,3,166.7,113,41,7.42,10.1,ME
5,0,118,No,0,0,0,223.4,98,57,11.03,6.3,VT
6,0,121,Yes,1,2.03,3,218.2,88,87.3,17.43,7.5,ME
7,0,147,No,0,0,0,157,79,36,5.16,7.1,NH
8,0,117,Yes,0,0.19,1,184.5,97,63.9,17.58,8.7,NH
9,0,141,No,1,3.02,0,258.6,84,93.2,11.1,11.2,VT
10,1,65,Yes,0,0.29,4,129.1,137,44.9,11.43,12.7,NH
11,0,74,Yes,0,0.34,0,187.7,127,49.4,8.17,9.1,VT
12,0,168,Yes,0,0,1,128.8,96,31,5.25,11.2,ME
13,0,95,Yes,0,0.44,3,156.6,88,52.4,12.38,12.3,VT
14,0,62,Yes,0,0,4,120.7,70,47,15.36,13.1,VT
15,1,161,Yes,0,0,4,332.9,67,84,15.89,5.4,VT
16,0,85,Yes,1,3.73,1,196.4,139,95.3,14.05,13.8,ME
17,0,93,Yes,0,0,3,190.7,114,51,10.91,8.1,VT
18,0,76,Yes,1,2.7,1,189.7,66,78,10.64,10,NH
19,0,73,Yes,0,0,1,224.4,90,52,7.98,13,VT
20,0,147,Yes,0,0.31,0,155.1,117,50.1,11.99,10.6,ME
21,1,77,Yes,0,0,5,62.4,89,26,8.5,5.7,VT
22,0,130,Yes,0,0,0,183,112,38,3.65,9.5,VT
23,0,111,Yes,0,0.39,2,110.4,103,34.9,6.87,7.7,NH
24,0,132,Yes,0,0,0,81.1,86,35,12.26,10.3,NH
25,0,174,Yes,0,0,3,124.3,76,45,13.86,15.5,NH
26,0,57,Yes,1,2.57,0,213,115,78.7,9.56,9.5,ME
27,0,54,Yes,0,0,3,134.3,73,37,7.78,14.7,NH
28,0,20,Yes,0,0.32,0,190,109,58.2,12.91,6.3,ME
29,0,49,Yes,0,0.21,1,119.3,117,41.1,10.76,11.1,ME
30,0,142,Yes,0,0,2,84.8,95,27,6.84,14.2,VT
31,0,75,Yes,0,0,1,226.1,105,56,10.08,10.3,NH
32,0,172,Yes,0,0,3,212,121,39,1.56,12.6,VT
33,1,12,Yes,0,0,1,249.6,118,64,12.62,11.8,ME
34,0,57,Yes,1,2.24,0,176.8,94,69.4,9.75,8.3,NH
35,0,72,Yes,1,3.97,3,220,80,95.7,10.87,14.7,NH
36,0,36,Yes,1,3.92,0,146.3,128,78.2,8.13,14.5,ME
37,0,78,Yes,0,0,1,130.8,64,42,11.19,10,ME
38,0,136,No,1,2.84,3,203.9,106,79.4,9.38,10.5,VT
39,0,149,Yes,0,0,1,140.4,94,47,13.59,11.1,VT
40,0,98,Yes,0,0.3,3,126.3,102,39,8.34,9.4,NH
41,1,135,No,1,3.94,0,173.1,85,86.4,10.2,14.6,ME
42,0,34,Yes,0,0,2,124.8,82,46,14.11,10,VT
43,0,160,Yes,0,0.38,3,85.8,77,32.8,8.27,9.2,ME
44,0,64,Yes,0,0.24,1,154,67,48.4,11.29,3.5,NH
45,0,59,Yes,1,2.3,2,120.9,97,62,10.65,8.5,VT
46,0,65,Yes,0,0,3,211.3,120,50,8.13,13.2,VT
47,0,142,Yes,0,0.35,2,187,133,47.5,6.73,7.4,ME
48,1,119,Yes,0,0,5,159.1,114,47,11.57,8.8,NH
49,0,97,Yes,1,2.97,1,133.2,135,71.7,10.86,11,ME
50,0,52,Yes,0,0.32,3,191.9,108,59.2,13.49,7.8,NH
51,0,60,Yes,0,0,1,220.6,57,56,10.56,6.8,VT
52,0,10,Yes,0,0,2,186.1,112,48,9.51,11.4,ME
53,0,96,Yes,0,0.21,2,160.2,117,52.1,13.38,9.3,ME
54,1,87,Yes,0,0,5,151,83,45,10.99,9.7,VT
55,0,81,Yes,0,0.11,1,175.5,67,53.1,12.47,10.2,VT
56,0,141,Yes,0,0,1,126.9,98,37,9,8,VT
57,1,121,Yes,1,1.57,3,198.4,129,56.7,3.77,5.8,ME
58,0,68,Yes,0,0,3,148.8,70,47,12.33,12.1,ME
59,0,125,Yes,0,0,1,229.3,103,55,8.87,12,ME
60,0,174,Yes,0,0,1,192.1,97,48,8.5,11.4,VT
61,0,116,Yes,1,3.13,2,268.6,83,92.3,8.91,11.6,VT
62,0,74,Yes,1,3.94,2,193.7,91,93.4,12.31,14.6,ME
63,0,149,Yes,1,3.4,3,180.7,92,81,9.39,12.6,NH
64,0,38,Yes,0,0,2,131.2,98,37,8.15,8.2,NH
65,0,40,Yes,1,1.67,2,148.1,74,56.7,8.48,6.2,NH
66,0,43,No,0,0,0,251.5,105,61,10.64,9.3,NH
67,0,113,No,0,0,0,125.2,93,39,10.32,8.3,VT
68,0,126,Yes,0,0,1,211.6,70,55,10.85,7.8,VT
69,1,150,Yes,0,0,4,178.9,101,45,8.46,13.8,VT
70,0,138,Yes,0,0,3,241.8,93,56,8.53,11.8,VT
71,0,162,Yes,1,3.27,0,224.9,97,87.7,9.41,12.1,NH
72,0,147,Yes,0,0,3,248.6,83,55,7.45,8,NH
73,0,90,Yes,0,0,1,203.4,146,54,11.34,7.3,VT
74,0,85,Yes,0,0,0,235.8,109,54,7.86,12,ME
75,0,50,Yes,0,0,1,157.1,90,46,11.17,6.1,ME
76,1,82,Yes,0,0.21,0,300.3,109,69.1,9.05,11.7,ME
77,1,144,Yes,0,0.21,4,61.6,117,20.1,3.86,8.2,VT
78,0,46,Yes,0,0.26,2,214.1,72,53.6,8.22,8.2,VT
79,0,70,Yes,0,0.3,1,170.2,98,46,7.76,15,ME
80,0,144,Yes,0,0,1,201.1,99,60,15.18,13.2,ME
81,0,116,No,0,0.3,3,215.4,104,58,10.24,12.6,NH
82,0,55,Yes,1,2.97,3,165.6,123,69.7,6.81,11,VT
83,0,70,Yes,1,2.65,1,249.5,101,91.5,12.99,9.8,VT
84,1,106,Yes,0,0,2,210.6,96,57,12.46,12.4,VT
85,0,128,Yes,1,2.32,0,179.3,104,73.2,11.3,8.6,NH
86,1,94,Yes,0,0,4,157.9,105,41,7.75,8,ME
87,0,111,Yes,0,0,1,214.3,118,55,10.43,12,ME
88,0,74,Yes,1,2.94,2,154.1,104,66.4,6.17,10.9,NH
89,1,128,Yes,0,0,1,237.9,125,62,12.38,13.9,ME
90,0,82,Yes,0,0.17,1,143.9,61,43.7,9.75,11.1,NH
91,1,155,Yes,0,0,0,203.4,100,51,9.55,8.9,VT
92,0,80,Yes,0,0,1,124.3,100,36,8.65,7.9,ME
93,0,78,Yes,0,0,3,252.9,93,59,8.92,9.5,NH
94,0,90,Yes,0,0,3,179.1,71,47,9.53,10.6,VT
95,0,104,Yes,0,0.3,1,278.4,106,58,4.05,9.8,VT
96,0,73,Yes,0,0,0,160.1,110,46,10.67,13,ME
97,0,99,Yes,0,0,4,198.2,87,52,10.37,8.7,ME
98,1,120,Yes,0,0,1,212.1,131,54,10.47,5.3,NH
99,1,77,Yes,0,0,2,251.8,72,61,10.29,9.8,VT
100,0,98,Yes,1,1.19,4,161.2,114,60.9,12.61,4.4,VT
101,0,108,Yes,0,0.34,0,178.3,137,50.4,9.45,14.6,NH
102,0,135,Yes,0,0,0,151.7,82,36,5.95,10.5,NH
103,0,95,Yes,0,0,1,135,99,39,9.18,12.5,ME
104,0,122,Yes,0,0.39,1,170.5,94,47.9,8.69,11.3,ME
105,0,95,Yes,0,0,4,238.1,65,57,9.36,11.8,ME
106,0,36,Yes,1,2.43,2,281.4,102,90.3,10.11,9,ME
107,0,93,Yes,1,2.65,1,117.9,131,61.5,8.23,9.8,VT
108,0,141,Yes,1,2.73,1,148.6,91,64.3,6.56,10.1,VT
109,0,157,Yes,0,0,3,229.8,90,52,7.4,9.6,NH
110,0,120,Yes,0,0,1,165,100,56,15.86,8.3,ME
111,0,103,Yes,0,0,2,185,117,51,11.17,12.6,ME
112,0,98,Yes,0,0,4,161,117,44,9.55,12.1,NH
113,0,125,Yes,0,0,1,126.7,108,40,10.3,13.3,NH
114,0,63,Yes,0,0,1,58.9,125,25,8.48,9.4,NH
115,1,36,No,1,5.4,0,196.8,89,110,12.75,20,NH
116,0,64,Yes,0,0.29,1,162.6,83,43.9,7.62,14.2,NH
117,1,74,Yes,0,0.21,1,282.5,114,69.1,11,9.4,NH
118,0,112,Yes,1,2.7,2,113.7,117,60,7.88,10,ME
119,0,97,Yes,0,0,2,239.8,125,60,10.74,8.7,VT
120,0,46,Yes,0,0.21,1,210.2,92,58.1,11.37,13.1,NH
121,0,41,Yes,1,1.94,0,213.8,102,68.4,7.09,7.2,NH
122,0,121,Yes,0,0,3,190.7,103,49,9.18,9.8,NH
123,0,193,Yes,0,0,1,170.9,124,41,6.62,11.6,VT
124,0,130,Yes,0,0,2,154.2,119,36,5.51,9.2,NH
125,0,85,Yes,0,0.4,1,201.4,52,58,11.47,12,NH
126,1,162,Yes,0,0,4,70.7,108,26,7.88,9.1,VT
127,1,61,Yes,1,1.73,4,187.5,124,62.3,7.33,6.4,ME
128,0,92,Yes,0,0,2,91.7,90,33,9.69,9.2,NH
129,0,131,Yes,1,2.57,3,214.2,115,76.7,8.09,9.5,ME
130,0,90,Yes,0,0,3,145.5,92,44,10.89,10.9,ME
131,0,75,Yes,0,0,1,166.3,125,42,7.91,6.1,VT
132,0,78,Yes,0,0,1,231,115,59,11.52,9.5,ME
133,0,82,Yes,0,0,4,200.3,96,52,10.06,7.1,VT
134,0,163,Yes,0,0,1,197,109,51,10.13,9.1,VT
135,0,91,No,0,0.31,3,129.9,112,40.1,8.67,11.2,NH
136,0,75,Yes,1,1.43,5,175.8,97,63.3,10.88,5.3,VT
137,0,91,Yes,0,0,3,203.1,106,53,10.51,12,VT
138,0,127,Yes,1,3.02,1,183.2,117,72.2,6.34,11.2,ME
139,0,113,Yes,1,2.75,2,205,101,75.5,7.6,10.2,VT
140,0,110,Yes,0,0,1,148.5,115,49,13.82,12.4,ME
141,0,120,Yes,1,2.84,0,200.3,68,81.4,11.02,10.5,ME
142,0,157,Yes,1,1.84,3,192.6,107,68.4,9.78,6.8,ME
143,0,103,Yes,0,0,1,246.5,47,59,9.78,11.7,VT
144,1,117,No,0,0,2,167.1,86,44,8.88,14.1,NH
145,0,140,Yes,0,0,3,231.9,101,54,8.01,14.3,NH
146,0,127,Yes,0,0,1,146.7,91,43,10.18,13.7,VT
147,0,83,No,0,0.26,1,271.5,87,67.6,10.82,11.7,NH
148,0,121,Yes,0,0,1,181.5,121,50,10.92,8.5,NH
149,0,145,Yes,1,3,2,257.7,97,88,8.11,11.1,ME
150,0,113,Yes,0,0,1,193.8,99,52,11.07,10.6,ME
151,0,117,Yes,0,0,1,102.8,119,36,10.34,10.1,NH
152,0,65,Yes,0,0,1,187.9,116,46,7.88,7.5,ME
153,0,56,Yes,0,0,1,226,112,60,12.43,6.9,NH
154,0,96,Yes,0,0,5,260.4,115,57,7.3,11.5,ME
155,0,151,Yes,0,0,0,178.7,116,56,14.61,9.8,ME
156,1,83,Yes,0,0,0,337.4,120,77,11.37,15.8,VT
157,0,139,Yes,1,3.7,0,157.6,129,85,12.35,13.7,VT
158,0,6,Yes,0,0,1,183.6,117,54,12.84,10.2,NH
159,0,115,Yes,1,2.59,1,142.1,124,65.9,9.17,9.6,ME
160,0,87,Yes,0,0.31,0,136.3,97,41.1,8.61,7.1,NH
161,0,141,Yes,0,0,0,217.1,110,58,12.08,12,ME
162,0,141,Yes,1,2.84,3,187.5,99,81.4,12.07,10.5,ME
163,0,62,Yes,0,0,1,98.9,103,29,6.77,12.2,ME
164,0,146,Yes,0,0,1,206.3,151,48,7.43,6.1,ME
165,0,92,Yes,1,3.27,2,243.1,92,92.7,10.69,12.1,ME
166,0,185,Yes,1,2.03,1,189.8,126,67.3,8.17,7.5,VT
167,0,148,Yes,0,0.39,1,202,102,59.9,12.16,10.9,VT
168,0,94,Yes,1,3.46,1,170.1,124,80.6,9.67,12.8,VT
169,0,32,Yes,0,0,0,230.9,87,56,9.37,6.3,ME
170,0,68,Yes,0,0,1,237.1,105,60,11.18,13.2,ME
171,0,64,Yes,1,2.86,2,182.1,91,74.6,8.49,10.6,ME
172,0,25,Yes,0,0.14,3,119.3,87,40.4,10.58,10.5,ME
173,0,65,Yes,0,0,1,116.8,87,36,8.95,14.1,NH
174,0,179,Yes,0,0,0,219.2,92,50,7.47,6.1,NH
175,0,94,Yes,0,0,2,252.6,104,58,8.45,11.1,VT
176,0,62,Yes,0,0,0,147.1,91,42,9.52,12.2,VT
177,0,127,Yes,0,0,2,202.1,103,54,11.47,11.5,ME
178,0,116,Yes,0,0.23,3,173.5,93,48.3,9.71,16.2,NH
179,0,70,Yes,0,0,3,232.1,122,65,14.62,0,ME
180,0,94,No,1,2.57,4,197.1,125,77.7,10.73,9.5,NH
181,1,126,Yes,0,0,5,58.2,94,22,6.94,11.9,ME
182,0,67,Yes,1,2.67,2,115.6,111,66.7,11.89,9.9,NH
183,0,19,Yes,0,0.14,2,186.1,98,55.4,12.72,14.6,VT
184,0,170,No,0,0,3,259.9,68,66,12.25,8.4,VT
185,0,73,Yes,0,0,1,214.3,145,60,13.43,10.8,VT
186,0,106,Yes,0,0,1,158.7,74,33,3.22,10.2,ME
187,0,93,Yes,0,0.19,2,271.6,71,67.9,11.47,10.9,ME
188,0,164,Yes,0,0.27,1,160.6,111,44.7,8.16,9,NH
189,0,51,Yes,0,0,1,232.4,109,56,9.37,9.1,ME
190,0,107,Yes,0,0,0,133.8,85,39,9.03,8.9,NH
191,0,130,Yes,0,0.35,1,176.9,109,41.5,4.54,9.5,VT
192,0,80,Yes,0,0,2,209.9,74,53,9.76,8.8,VT
193,0,94,Yes,0,0.22,0,137.5,118,43.2,10.16,13.4,ME
194,0,118,Yes,1,2.57,1,289.5,52,89.7,8.33,9.5,ME
195,0,117,Yes,1,1.84,1,198.1,86,67.4,8.85,6.8,NH
196,0,78,Yes,0,0,0,149.7,119,41,9.11,9.7,VT
197,1,208,Yes,0,0.33,2,326.5,67,74.3,8.82,10.7,VT
198,1,131,No,1,3.73,4,292.9,101,104.3,9.99,13.8,NH
199,0,63,Yes,0,0,0,83,64,30,8.85,13,VT
200,0,53,Yes,1,3.54,3,145.7,146,79.4,11.03,13.1,ME
201,0,62,Yes,0,0,2,182.3,101,59,16.41,11.2,VT
202,0,97,Yes,0,0,3,218,86,53,9.2,6.4,VT
203,0,105,Yes,0,0,2,140.6,109,40,8.93,6.8,VT
204,0,157,Yes,0,0,1,152.7,105,48,12.88,9.4,NH
205,0,66,Yes,1,3.27,1,106.7,76,68.7,10.49,12.1,ME
206,0,122,Yes,0,0,2,243.8,98,49,4.2,13.7,VT
207,0,38,Yes,0,0,3,194.4,94,49,9.34,10.8,VT
208,0,106,Yes,0,0,3,213.9,95,50,7.6,12.2,VT
209,0,99,Yes,0,0,3,217.2,112,58,12.34,15.8,NH
210,0,99,Yes,0,0,1,241.1,72,55,7.78,11.6,VT
211,0,144,No,0,0,0,203.5,100,56,12.38,11.9,NH
212,0,82,Yes,1,2.89,1,155.2,131,76.9,12.23,10.7,VT
213,0,86,Yes,1,3.29,1,167.6,139,71.9,5.65,12.2,NH
214,1,70,No,0,0,2,226.7,98,58,11.41,17.6,ME
215,0,93,Yes,0,0,3,179.3,93,46,8.93,11.5,NH
216,0,93,Yes,0,0.31,0,151.4,89,45.1,9.32,10.9,VT
217,0,120,Yes,0,0,3,180,80,50,11.21,4.7,ME
218,1,136,Yes,0,0,1,250.2,121,66,13.36,13,NH
219,0,106,Yes,0,0.4,0,223,121,52,5.51,7.1,NH
220,0,81,Yes,0,0,3,183.6,116,45,7.63,12.2,NH
221,0,127,Yes,1,2.75,1,166,114,71.5,8.73,10.2,NH
222,0,65,Yes,0,0,1,136.1,112,47,13.65,4.4,ME
223,0,35,Yes,0,0.32,2,149.3,113,49.2,12.11,8.9,VT
224,0,88,Yes,0,0,2,65.4,97,26,8.41,13.8,NH
225,0,65,Yes,0,0,1,213.4,111,57,11.73,2.7,NH
226,0,123,Yes,0,0,3,206.9,85,56,12.24,7.7,ME
227,0,126,Yes,1,2.59,2,186.2,78,73.9,9.48,9.6,VT
228,0,104,Yes,1,3.59,4,280.2,136,102.9,11.03,13.3,ME
229,0,45,Yes,1,3.21,0,196.6,84,93.1,15.66,11.9,ME
230,1,93,No,0,0,0,312,109,65,6.47,10.5,VT
231,0,63,No,1,2.97,1,199,110,88.7,14.57,11,ME
232,0,100,Yes,0,0.25,3,203.1,96,55.5,10.85,13.5,NH
233,0,53,Yes,0,0,0,168.8,97,48,11.02,10.9,ME
234,0,92,No,0,0,1,173.1,140,50,12.02,9,VT
235,1,139,Yes,0,0,5,134.4,106,41,10.57,10.2,ME
236,0,110,Yes,1,2.43,2,202.6,103,69.3,5.94,9,ME
237,0,110,Yes,0,0.31,3,74.5,117,33.1,10.04,9.8,NH
238,0,215,Yes,0,0.31,0,83.6,148,28.1,6.05,10.7,NH
239,0,73,Yes,0,0,1,192.2,86,47,8.43,9.4,VT
240,0,138,Yes,0,0,0,220.2,89,45,4.42,12.9,ME
241,1,137,No,0,0,2,135.1,95,35,6.71,12.3,NH
242,0,36,Yes,0,0.25,1,253.4,77,61.5,9.12,8.4,VT
243,0,85,Yes,0,0,3,225,81,54,8.85,7.1,NH
244,1,108,Yes,0,0,0,198.5,99,57,13.39,9.4,NH
245,0,22,Yes,0,0,0,110.3,107,33,8.33,9.5,VT
246,0,107,Yes,1,3,0,60,102,49,5.11,11.1,ME
247,0,51,Yes,0,0,0,214.8,94,50,7.49,10.2,VT
248,0,94,Yes,0,0,4,181.8,85,49,10.12,9.2,ME
249,0,119,Yes,1,3.19,2,154,114,81.9,13.9,11.8,ME
250,1,33,Yes,1,3.75,4,157.4,99,74.5,5.9,13.9,NH
251,0,106,Yes,0,0,4,207.9,91,50,8.6,14.4,VT
252,0,82,Yes,0,0,3,207,90,55,11.65,9.1,ME
253,0,86,Yes,1,2.57,0,119,101,65.7,11.5,9.5,ME
254,0,97,No,0,0.28,0,143.7,117,50.8,13.65,10.9,NH
255,0,106,Yes,1,3.81,4,165.9,126,85.1,10.83,14.1,VT
256,0,108,Yes,0,0,1,138.6,122,39,8.62,9.8,VT
257,0,114,Yes,0,0.29,1,84.7,118,38.9,12.5,14.5,ME
258,1,92,No,0,0,1,62.6,111,26,9.03,10.4,NH
259,0,59,Yes,0,0,1,155.2,79,47,11.77,8.7,NH
260,0,24,Yes,1,1.81,1,164.9,110,64.1,10.47,6.7,NH
261,0,151,Yes,0,0,1,134.5,88,36,7.16,15.4,VT
262,0,117,Yes,0,0,1,143.3,103,43,10.57,11.5,ME
263,0,78,Yes,0,0.51,1,168.3,110,53.1,11.06,12.5,NH
264,0,155,Yes,0,0,2,262.4,55,62,9.73,8.3,VT
265,0,114,Yes,1,3.08,1,206.2,79,88.8,13,11.4,VT
266,0,114,Yes,1,2.27,4,225.8,94,77.7,9.65,8.4,NH
267,0,119,Yes,0,0,3,138.3,89,38,8.53,13.5,VT
268,0,64,Yes,1,1.22,0,94.4,104,40.2,6.81,4.5,NH
269,0,118,No,0,0,2,160,123,43,8.77,9.9,ME
270,0,101,Yes,0,0,0,206.6,105,55,11.25,14.6,ME
271,0,117,Yes,0,0,1,134.7,121,39,9,7.7,NH
272,0,49,Yes,1,2.16,3,214.4,78,78.6,11.76,8,NH
273,0,139,Yes,0,0,3,192.8,104,53,11.72,13,VT
274,0,92,Yes,1,2.7,1,151.1,90,70,9.74,10,NH
275,0,83,Yes,0,0,3,221.4,103,58,11.59,9.8,VT
276,0,148,No,0,0,0,218.9,88,55,10.4,11.1,ME
277,1,144,Yes,1,1.76,2,189.8,96,60.6,6.17,6.5,NH
278,0,131,Yes,1,2.94,2,192.7,85,81.4,11.3,10.9,NH
279,0,146,No,0,0,3,204.4,135,54,10.96,10.5,NH
280,0,143,Yes,0,0.42,2,172.3,97,49.2,8.7,13,NH
281,0,81,Yes,0,0.13,2,198.4,93,53.3,10.55,10.4,VT
282,0,48,Yes,1,3.29,1,211.7,115,82.9,8,12.2,ME
283,0,86,Yes,1,2.43,1,221.6,74,87.3,14.42,9,VT
284,0,71,Yes,0,0,3,197.9,108,50,9.08,6.7,ME
285,0,145,Yes,1,4.21,2,147.5,90,83.1,8.79,15.6,ME
286,0,137,Yes,0,0,2,206.4,122,46,6.4,8.8,NH
287,0,137,Yes,0,0.27,2,205.9,88,55.7,10.47,14.5,VT
288,0,167,Yes,0,0,0,207.6,88,47,6.62,14.1,VT
289,1,89,Yes,0,0,1,303.9,95,74,13.05,5.3,ME
290,0,199,Yes,1,2.16,0,230.6,121,79.6,10.97,8,ME
291,0,132,Yes,0,0,0,99.5,110,28,6.46,9.7,VT
292,0,94,Yes,0,0,1,177.1,112,47,9.7,5.9,NH
293,1,96,Yes,1,2.78,5,172.7,93,67.8,6.01,10.3,ME
294,0,96,Yes,1,2.65,1,172.7,86,67.5,6.67,9.8,VT
295,0,166,Yes,0,0.29,1,204.2,115,52.9,9,9.5,VT
296,0,74,Yes,0,0.2,2,85.7,83,38,12.39,10.1,VT
297,0,36,Yes,0,0.34,0,157.6,117,46.4,9.22,11.9,VT
298,0,113,Yes,0,0,4,215.5,129,56,10.94,6.6,ME
299,0,94,Yes,0,0,1,181.5,98,48,10,6.6,NH
300,0,67,Yes,0,0,2,171.7,80,39,5.52,11.9,NH
301,1,127,Yes,0,0.26,1,266.6,106,70.6,13.24,5.9,NH
302,1,121,Yes,0,0,0,170.4,108,59,17.53,11.2,VT
303,0,158,Yes,0,0,1,158,106,52,14.63,9.1,NH
304,0,136,Yes,0,0.34,1,92,117,41.4,12.68,10.3,ME
305,0,196,Yes,0,0,2,234,109,61,12.48,9.1,ME
306,1,113,Yes,0,0,1,272.1,111,70,13.43,8.5,ME
307,1,122,Yes,0,0,4,296.4,99,69,10.74,11.4,VT
308,0,112,Yes,0,0.29,0,194.4,101,52.9,9.52,11.4,ME
309,0,209,Yes,0,0,3,227.2,128,61,12.92,8.9,ME
310,1,62,Yes,0,0,1,248.7,109,61,11,13.2,VT
311,0,110,Yes,1,2.62,1,236.3,102,83.2,9.8,9.7,NH
312,0,16,Yes,0,0,0,205.6,69,50,8.48,10.9,ME
313,0,73,Yes,0,0,0,94.1,136,40,14.02,9.8,VT
314,0,128,Yes,0,0,0,125.2,99,39,10.27,18.9,NH
315,0,39,Yes,0,0.23,1,60.4,158,39.3,15.31,12.4,VT
316,0,103,Yes,1,2.08,2,121,105,64.8,13.52,7.7,VT
317,0,119,Yes,1,2.05,3,117.8,66,62.5,12.84,7.6,NH
318,0,173,Yes,1,1.35,3,232.4,96,71.5,10.6,5,VT
319,1,128,No,1,2.54,2,223.5,81,80.4,9.44,9.4,ME
320,0,86,Yes,0,0,0,176.3,79,52,12.96,6.2,NH
321,0,114,Yes,1,3.48,1,125.2,79,71.8,8.89,12.9,ME
322,0,104,Yes,0,0,0,138.7,107,46,12.85,10,NH
323,0,148,Yes,0,0,1,86.3,134,36,12.33,11.3,VT
324,0,129,Yes,0,0,3,207,91,49,7.75,13.4,ME
325,0,100,Yes,1,1.92,0,58.8,104,48.2,10.98,7.1,NH
326,0,121,Yes,1,3.08,1,68.7,95,60.8,10.46,11.4,NH
327,0,143,Yes,1,2.57,1,239.2,109,86.7,11.78,9.5,VT
328,0,76,Yes,0,0,0,198.3,130,53,10.86,12.5,NH
329,0,158,Yes,0,0.14,0,205.2,97,57.4,12.03,14.4,NH
330,0,116,Yes,0,0.24,3,192.1,98,62.4,15.65,7.9,ME
331,1,54,Yes,0,0,1,272.6,83,68,12.44,9.5,VT
332,1,86,Yes,0,0.3,7,128.3,121,42,9.86,12.2,NH
333,0,108,Yes,0,0,0,169.6,99,52,13.21,9.3,NH
334,0,66,Yes,0,0,1,201.3,95,48,7.64,7.5,ME
335,0,151,Yes,1,2.32,1,214.7,97,72.2,6.93,8.6,NH
336,0,99,Yes,0,0,0,169.2,70,52,13.58,10.6,ME
337,0,55,Yes,0,0,2,194.1,121,49,8.83,7,NH
338,0,77,Yes,0,0,2,233.8,104,63,13.33,7.6,ME
339,0,78,Yes,0,0,0,225.1,67,56,9.96,14.6,VT
340,1,89,Yes,0,0,1,213,63,52,8.83,9.1,ME
341,0,101,Yes,0,0,1,183.9,115,54,12.8,10.8,ME
342,0,44,Yes,1,3.78,0,221.8,105,89.8,8.09,14,ME
343,0,98,Yes,1,0,2,64.6,98,26,8.81,0,NH
344,0,64,Yes,1,3.59,1,154.6,92,69.9,4.17,13.3,NH
345,0,141,Yes,0,0,3,260.2,131,60,8.96,7.2,VT
346,0,81,Yes,1,3.29,1,161.6,117,70.9,6.15,12.2,NH
347,0,162,Yes,0,0,1,220.6,117,51,7.76,10.5,NH
348,0,83,Yes,1,3.54,3,155.9,122,76.4,8.12,13.1,VT
349,1,100,Yes,0,0.34,4,107,63,31.4,5.29,12.8,ME
350,0,59,Yes,0,0.51,4,182.5,104,54.1,10.24,11.3,ME
351,0,179,No,1,2.73,4,220.1,78,85.3,11.72,10.1,VT
352,0,79,Yes,0,0,1,152.2,112,41,8.86,5.3,NH
353,0,117,Yes,0,0,2,181.5,95,49,10.26,14.7,ME
354,1,64,No,0,0.18,2,236.2,77,60.8,10.93,13.2,VT
355,0,31,Yes,0,0.28,1,166.1,105,37.8,3.97,12.7,VT
356,0,124,No,0,0,1,244.6,89,58,9.44,11.3,ME
357,0,122,Yes,1,2.3,2,134.2,85,66,11.37,8.5,NH
358,0,37,No,1,2.48,1,149.7,122,68.8,10.56,9.2,VT
359,0,90,Yes,1,1.57,1,150.1,109,64.7,13.24,5.8,ME
360,1,159,No,0,0.44,1,257.1,53,75.4,15.61,8.8,NH
361,0,148,Yes,0,0,0,124.4,83,37,8.99,11.3,NH
362,0,39,Yes,1,3.24,1,141.7,121,76.4,11.62,12,VT
363,0,77,Yes,0,0.14,2,230,87,49.4,5.16,11.3,NH
364,0,194,Yes,0,0,0,162.3,88,46,10.69,10.9,NH
365,1,154,Yes,0,0,1,350.8,75,79,10.83,10.1,ME
366,0,112,Yes,0,0,4,193.3,96,56,13.21,9.1,VT
367,0,45,Yes,0,0,1,78.2,127,35,12.67,18,ME
368,0,132,Yes,0,0.22,1,83.4,110,36.2,11.61,7.6,ME
369,0,128,Yes,0,0.28,0,195.6,99,59.8,13.39,16,NH
370,0,135,Yes,0,0.42,1,201.8,81,58.2,11.25,10.3,NH
371,0,56,Yes,0,0,2,197,110,53,11.14,10.6,ME
372,1,151,No,0,0.29,0,218,57,49.9,5.72,12.4,VT
373,0,32,Yes,0,0,2,164.8,98,48,11.5,14.8,VT
374,0,90,Yes,0,0,2,179.2,77,49,10.54,9.2,VT
375,0,87,Yes,1,2.86,0,214,113,80.6,9,10.6,NH
376,0,138,Yes,0,0.43,2,170.5,87,44.3,5.91,11.2,VT
377,0,79,Yes,0,0,1,205.7,123,54,10.73,6.7,VT
378,1,95,No,0,0,1,165.5,84,53,14.31,11.5,ME
379,0,127,Yes,0,0.33,2,221,100,55.3,8.04,6.8,ME
380,0,137,Yes,0,0,3,242.1,118,58,9.55,14.7,VT
381,0,97,Yes,0,0,1,151.6,107,39,7.77,14.7,VT
382,0,149,No,0,0.18,0,176.2,87,44.8,7.25,5.7,NH
383,0,117,No,1,1,1,196,82,71,16.14,3.7,ME
384,0,84,Yes,0,0,2,159.5,125,49,12.36,7.2,NH
385,0,137,Yes,0,0.45,4,230.2,113,62.5,11.02,10.7,NH
386,0,99,Yes,0,0,3,146.7,64,49,13.7,8.9,ME
387,0,54,Yes,0,0,1,210.5,102,54,10.23,8.5,VT
388,0,85,Yes,0,0,1,102,95,41,13.51,10.7,ME
389,0,150,Yes,0,0.36,3,126,99,45.6,11.93,10.2,VT
390,0,43,Yes,0,0,1,168.4,125,50,12.19,11.1,NH
391,0,35,Yes,0,0,0,105.6,129,40,12.91,8.7,NH
392,0,98,Yes,0,0,5,206.5,92,51,8.81,12.4,ME
393,0,112,Yes,0,0.27,2,217.1,76,57.7,10.26,9.4,ME
394,1,16,Yes,0,0,0,229.6,78,57,10.29,10.8,VT
395,0,98,Yes,1,2.62,0,278.3,89,82.2,4.67,9.7,ME
396,0,84,Yes,0,0,0,138.6,102,41,9.95,7.8,VT
397,1,94,Yes,0,0.18,1,234.4,103,65.8,13.97,2,VT
398,0,84,Yes,0,0,1,181.5,129,42,6.54,8.5,VT
399,1,66,Yes,0,0,1,167.3,91,48,11.5,10.6,NH
400,0,98,Yes,1,3.24,1,121,105,72.4,10.95,12,VT
401,0,74,Yes,0,0,0,221.1,124,48,5.54,10.6,VT
402,0,96,Yes,1,2.67,1,145.8,108,68.7,9.61,9.9,NH
403,0,119,Yes,0,0.34,1,222.8,122,55.4,8.16,11.2,NH
404,0,73,Yes,0,0,4,183.4,80,52,12.1,7.5,VT
405,0,92,No,0,0,0,264.3,91,59,8.05,9.3,ME
406,0,21,Yes,0,0,0,146,78,35,5.49,6.8,NH
407,1,122,Yes,0,0.29,4,157.1,134,45.9,9.25,8.5,NH
408,0,133,No,0,0,1,127.3,108,43,12.57,10.3,NH
409,0,145,Yes,0,0,2,187.9,110,49,9.85,4.8,NH
410,0,25,Yes,0,0.26,2,178.8,90,45.6,7.06,8.4,ME
411,0,64,Yes,0,0.28,2,97.2,80,35.8,9.31,10.4,NH
412,0,85,Yes,0,0.2,0,259.8,85,67,12.12,5.4,NH
413,0,126,Yes,0,0,3,256.5,112,61,9.98,7,NH
414,0,76,Yes,0,0,0,169.5,77,40,6.2,10,ME
415,1,113,Yes,0,0,2,239.7,47,65,14.15,8.7,ME
416,1,224,No,0,0.26,1,171.5,99,45.6,8,5,ME
417,0,117,Yes,0,0,0,239.9,84,56,8.74,9.8,ME
418,0,128,Yes,1,4.32,1,142.3,73,84.2,9.74,16,VT
419,0,115,Yes,0,0,2,184.1,98,60,16.35,7.5,NH
420,0,141,Yes,1,2.51,2,206.9,126,83.1,13.22,9.3,ME
421,0,51,Yes,0,0,1,259.9,114,60,8.81,15.3,ME
422,0,100,Yes,0,0,0,203.8,122,59,14.16,12.5,NH
423,0,96,Yes,1,2.78,3,248.8,124,82.8,7.02,10.3,NH
424,0,112,Yes,1,3.05,1,221.6,110,79.5,6.51,11.3,ME
425,0,129,No,0,0.39,1,192.9,131,52.9,9.28,10.9,VT
426,0,163,Yes,0,0,1,122.4,129,31,5.67,12.5,ME
427,0,67,Yes,1,2.59,1,104.9,65,62.9,10.82,9.6,VT
428,0,140,Yes,0,0,3,173.2,91,47,9.84,11.2,VT
429,0,49,Yes,0,0,2,119.4,69,44,13.67,12.4,NH
430,1,46,Yes,0,0,2,250.3,100,65,13.03,13.3,NH
431,0,148,Yes,0,0.39,1,178.3,98,58.9,14.13,11.4,ME
432,0,112,Yes,0,0,1,243.4,77,57,9.11,12.8,VT
433,0,78,Yes,0,0,2,155,106,42,8.77,11.8,VT
434,0,61,Yes,1,2.32,0,288.7,101,90.2,10.19,8.6,NH
435,0,58,Yes,1,3.02,1,240.4,80,81.2,5.95,11.2,ME
436,0,155,Yes,0,0,1,190.3,123,58,15.07,8,NH
437,1,100,Yes,0,0.32,0,278,76,66.2,8.84,8.3,NH
438,0,113,Yes,0,0,1,155,93,55,16.53,13.5,ME
439,0,81,Yes,0,0,2,153.5,99,43,9.88,6.3,VT
440,0,135,Yes,1,3.32,1,273.4,141,93.2,7.7,12.3,ME
441,0,99,Yes,0,0,0,155.3,93,49,13.29,12.4,ME
442,0,59,Yes,1,1.84,1,133.1,114,60.4,11.06,6.8,NH
443,0,135,Yes,0,0,1,246.8,129,58,9.39,12.6,NH
444,0,85,No,0,0,2,165.4,107,45,9.8,9.6,VT
445,0,70,Yes,0,0.31,0,59.5,103,35.1,12.86,11.1,NH
446,0,88,Yes,0,0,3,138.3,116,44,11.8,9.6,ME
447,0,55,Yes,0,0,2,286.7,100,61,6.72,6.9,ME
448,0,75,Yes,0,0.34,1,117.3,114,41.4,10.06,12.2,NH
449,0,79,Yes,1,1.7,4,264.3,79,80,10.14,6.3,NH
450,0,85,Yes,0,0.25,0,127.9,107,47.5,13.56,12.5,VT
451,0,86,Yes,1,2.65,0,225.5,107,86.5,12.32,9.8,VT
452,0,91,Yes,0,0,0,149,115,47,12.27,8.3,ME
453,0,149,Yes,1,3.86,1,198.9,77,96.6,13.7,14.3,VT
454,1,97,Yes,0,0,1,256.4,125,67,13.7,11.1,NH
455,1,88,Yes,0,0,1,264.8,124,66,12.27,14.8,ME
456,0,60,Yes,0,0,2,98.2,88,33,9.03,9.3,VT
457,0,54,Yes,0,0.16,2,159.8,99,51.6,13.2,9.7,ME
458,0,11,Yes,1,1.62,3,190.6,86,68.2,11.01,6,VT
459,0,109,Yes,0,0,0,184,120,42,6.02,11,ME
460,0,90,Yes,0,0,1,261.8,128,64,11.03,9.6,ME
461,0,115,Yes,0,0,3,147.9,109,45,11.42,9.6,VT
462,0,144,Yes,1,2.73,1,106.4,109,55.3,5.41,10.1,ME
463,0,91,Yes,0,0,0,133.7,75,40,9.77,5.9,NH
464,0,105,Yes,1,2.3,0,193.5,85,75,11.01,8.5,ME
465,1,71,No,0,0,3,178.2,113,45,8.39,13.6,VT
466,1,132,Yes,1,2.84,3,226.2,103,82.4,9.08,10.5,NH
467,0,112,Yes,0,0.38,1,170.4,103,49.8,10.01,11.6,NH
468,0,86,Yes,1,3,3,70.9,163,57,8.34,11.1,NH
469,0,41,Yes,1,4.64,2,194.4,63,101.4,12.75,17.2,NH
470,0,44,Yes,0,0,1,240.3,146,55,8.23,10.6,ME
471,0,78,Yes,0,0,3,75,116,34,12.44,9.5,NH
472,0,149,Yes,0,0,1,69.1,117,24,6.82,6.3,NH
473,1,72,Yes,1,1.67,4,96.6,59,60.7,15.77,6.2,NH
474,0,139,Yes,1,4,0,214.6,101,97,11.76,14.8,VT
475,0,74,Yes,0,0,3,148.5,111,38,7.33,9.9,VT
476,0,50,Yes,0,0.29,1,258.1,106,60.9,8.07,11.7,ME
477,0,141,Yes,1,2.05,3,149.7,112,60.5,8.13,7.6,ME
478,0,140,Yes,0,0,1,149.8,134,40,8.22,8.1,NH
479,0,99,Yes,0,0,2,190.4,102,46,7.91,11.2,VT
480,0,166,Yes,0,0.21,1,181.4,108,55.1,12.69,11.6,VT
481,0,124,Yes,0,0,1,151.1,123,42,9.37,5.3,VT
482,0,74,Yes,0,0,0,155.7,116,42,8.69,8.1,NH
483,0,117,Yes,0,0,2,149.9,95,48,12.81,13.3,ME
484,0,85,Yes,0,0,3,222.3,132,58,11.58,11,NH
485,0,36,Yes,1,1.81,0,149.4,111,55.1,6.59,6.7,VT
486,0,102,No,0,0,0,233.8,103,59,11.08,12.8,VT
487,0,76,Yes,0,0,0,204.2,100,60,14.63,10.5,ME
488,0,165,Yes,0,0,1,242.9,126,60,10.49,0,ME
489,0,130,Yes,0,0,1,150.4,119,46,11.53,12.3,VT
490,0,78,Yes,0,0,0,208.9,119,57,12.62,12.8,VT
491,1,55,No,0,0.32,1,191.9,91,58.2,12.81,14.3,ME
492,1,92,No,0,0.21,2,130.7,113,47.1,13.03,9.4,ME
493,0,129,Yes,1,1.59,2,119.6,104,60.9,13.94,5.9,VT
494,0,18,Yes,0,0,1,273.6,93,57,5.73,8.2,NH
495,0,161,No,0,0,2,156.1,114,42,9.02,11.1,ME
496,0,93,Yes,1,2.16,2,178.7,134,67.6,8.93,8,ME
497,0,144,Yes,0,0,2,177.5,93,55,14.37,11.9,VT
498,1,75,No,0,0,4,211.3,61,45,5.28,9.7,VT
499,0,95,Yes,0,0,1,175.2,91,51,12.22,7.5,VT
500,0,126,Yes,1,3.4,3,114.3,102,70,9.52,12.6,ME
501,0,124,Yes,1,2.03,1,251.4,104,82.3,11.26,7.5,NH
502,1,93,No,0,0,1,216.9,61,55,10.37,17.5,ME
503,0,109,No,1,2.51,0,217.2,138,75.1,7.28,9.3,VT
504,0,80,Yes,0,0,0,206.3,97,49,7.75,12.4,VT
505,0,41,Yes,0,0.19,1,159.3,66,39.9,6.3,11.1,VT
506,0,136,Yes,1,3.08,2,143.1,88,75.8,11.83,11.4,ME
507,1,92,Yes,0,0,3,154,122,55,16.49,5.6,VT
508,0,143,Yes,1,3.13,1,186.6,69,82.3,11.1,11.6,NH
509,1,118,Yes,1,2.59,5,170.8,114,71.9,9.98,9.6,ME
510,0,193,Yes,1,3.32,1,124,102,72.2,10.15,12.3,ME
511,0,73,Yes,0,0,3,198.3,94,58,13.97,14.8,VT
512,0,62,Yes,0,0,2,172.8,101,47,10.24,9.1,NH
513,0,30,Yes,1,1.78,0,217.4,74,73.8,10.69,6.6,ME
514,1,60,No,1,3.78,0,265.9,113,101.8,10.79,14,NH
515,0,148,Yes,1,4.73,1,93.6,137,80.3,9.69,17.5,VT
516,0,96,Yes,0,0,2,98.2,100,43,15.36,7.6,VT
517,0,52,Yes,0,0.35,2,214.7,68,53.5,7.93,9.4,VT
518,0,87,Yes,0,0,1,168.2,92,48,11.24,12.9,ME
519,0,41,Yes,0,0.21,3,202.9,97,50.1,7.69,9,VT
520,0,112,Yes,0,0,1,261.4,108,58,7.73,11.6,ME
521,1,88,Yes,0,0,4,73.3,86,27,8.07,8.2,VT
522,0,122,Yes,1,2.48,7,253.7,84,87.8,11.46,9.2,ME
523,0,61,Yes,0,0,2,45,108,21,7.57,9.8,ME
524,0,87,Yes,0,0.38,1,231.3,105,57.8,8.59,13,VT
525,0,176,Yes,0,0.25,2,47.4,125,25.5,8.39,10.5,VT
526,0,30,Yes,0,0,0,227.4,88,55,9.13,12.5,ME
527,0,95,Yes,1,3.21,0,40.9,126,51.1,6.67,11.9,VT
528,0,46,Yes,0,0,2,124.8,133,35,7.87,8.6,ME
529,0,100,No,0,0.19,0,68.5,110,42.9,16.86,12.1,ME
530,0,47,Yes,1,2.11,2,163.5,77,67.1,10.16,7.8,ME
531,0,77,Yes,0,0,2,163,112,47,10.96,6.7,NH
532,0,98,Yes,1,2.89,2,213.7,61,86.9,12.65,10.7,NH
533,0,125,Yes,1,1.46,1,201.3,117,52.6,2.11,5.4,NH
534,0,67,Yes,0,0.22,4,310.4,97,61.2,3.33,9.2,VT
535,0,194,Yes,0,0,1,48.4,101,33,14.06,18.2,NH
536,0,128,Yes,1,3.78,1,171.2,88,79.8,7.29,14,VT
537,0,190,Yes,1,2.3,0,166.5,93,67,9.15,8.5,NH
538,0,165,Yes,0,0,0,216.6,126,54,9.54,12.4,VT
539,0,59,Yes,0,0,2,107.8,113,37,10.83,9.9,NH
540,0,47,Yes,1,2.11,1,141.3,94,60.1,8.4,7.8,NH
541,0,150,Yes,1,1.78,0,209.9,77,67.8,7.9,6.6,NH
542,1,152,No,1,3.83,9,237.5,120,100.3,12.67,14.2,ME
543,0,26,Yes,0,0,3,234.5,109,59,10.83,3.5,VT
544,0,79,Yes,1,3.29,3,103.1,90,71.9,12.15,12.2,NH
545,0,95,Yes,1,3.21,1,129.5,106,76.1,12.45,11.9,NH
546,1,69,No,0,0,2,279.8,90,69,12.44,8.4,NH
547,1,95,No,1,2.78,5,136.8,91,68.8,10.04,10.3,NH
548,0,31,Yes,1,1.59,0,100.1,54,53.9,12.32,5.9,ME
549,0,121,Yes,1,2.73,4,237.1,63,85.3,10.28,10.1,VT
550,1,111,Yes,0,0,4,172.8,58,45,9.16,7.9,VT
551,0,157,Yes,0,0,2,224.5,111,56,10.04,11.5,NH
552,1,44,Yes,0,0.21,3,288.1,112,73.1,12.9,10.2,ME
553,0,61,No,0,0,2,78.2,103,30,9.8,10.1,ME
554,0,65,Yes,0,0,2,148.7,80,48,12.95,12.7,NH
555,0,74,Yes,1,3.54,2,194.6,84,79.4,6,13.1,VT
556,0,123,Yes,0,0,0,159.5,77,53,15.19,12,NH
557,0,58,Yes,1,2.57,1,194.5,110,77.7,10.69,9.5,NH
558,1,74,Yes,0,0,2,174.1,96,51,12.56,8.3,ME
559,0,125,Yes,0,0.39,2,131.8,97,38.9,6.84,7.7,NH
560,0,80,Yes,0,0,1,160.6,103,48,11.85,10.7,NH
561,0,53,Yes,1,1.94,0,146.8,107,71.4,15.5,7.2,ME
562,0,99,Yes,1,2.46,1,200.7,88,81.6,13.21,9.1,ME
563,0,99,Yes,0,0.33,1,145.6,106,37.3,4.92,10.9,VT
564,0,66,Yes,1,2.16,2,229.4,104,82.6,12.87,8,NH
565,0,97,Yes,0,0,3,211,76,52,9.45,4.7,VT
566,0,75,Yes,1,3.05,2,121.5,97,74.5,13.57,11.3,VT
567,0,85,No,0,0,2,216,73,53,9.41,3.6,VT
568,0,108,Yes,0,0,2,293,88,64,8.03,10,VT
569,1,133,No,1,4.16,2,221.1,137,102.6,13.25,15.4,ME
570,0,51,Yes,0,0,1,181.5,108,48,9.85,10.3,NH
571,0,186,Yes,1,3.92,2,74.3,107,67.2,8.87,14.5,NH
572,0,44,No,0,0,1,62.3,92,34,13.75,10.8,NH
573,0,64,Yes,1,2.43,3,228.6,88,84.3,12.43,9,VT
574,1,44,Yes,0,0.33,2,228.1,121,66.3,13.83,9.9,NH
575,0,114,Yes,1,3.83,1,309.9,90,108.3,10.02,14.2,ME
576,0,92,Yes,0,0.16,3,201.9,74,55.6,11.34,13.7,VT
577,0,110,Yes,0,0.29,2,149.8,112,43.9,9,11.7,NH
578,0,90,Yes,1,2.08,1,183.8,76,71.8,11.49,7.7,ME
579,0,72,Yes,1,4.46,1,186.7,108,105.6,16.75,16.5,VT
580,1,113,Yes,0,0,1,209.4,151,66,17.37,7.4,ME
581,0,171,Yes,1,2.75,3,223.2,77,81.5,9.16,10.2,NH
582,0,104,Yes,0,0,1,164.2,109,42,7.77,10.7,VT
583,0,165,Yes,0,0.13,1,150.5,75,43.3,9.66,10.3,NH
584,1,104,Yes,0,0,0,234.2,128,65,14.66,9.8,VT
585,0,110,Yes,0,0,1,55.3,102,24,8.24,10.2,VT
586,0,90,No,0,0,1,221.8,97,56,10.19,8.4,ME
587,0,114,Yes,0,0.4,1,169.6,85,38,2.95,7.4,ME
588,1,101,Yes,0,0,5,89.7,118,38,13.01,13.5,VT
589,0,117,Yes,1,2.32,1,80.2,81,56.2,10.95,8.6,ME
590,0,109,Yes,0,0.42,2,218.9,105,67.2,15,11.3,VT
591,0,82,Yes,0,0,1,125.7,96,40,10.38,12.9,NH
592,0,92,Yes,0,0.31,2,176.3,85,41.1,4.67,9.6,ME
593,0,82,Yes,1,2.57,2,207.2,111,82.7,12.71,9.5,VT
594,0,90,Yes,0,0,2,205.7,138,49,8.1,12.5,NH
595,0,87,Yes,1,0,1,151.4,95,39,7.62,0,VT
596,0,124,Yes,0,0,3,157.5,70,38,6.54,9.6,VT
597,0,39,Yes,0,0,2,160.4,68,36,5.13,9.1,ME
598,0,84,Yes,0,0,1,159,80,42,8.4,12.3,ME
599,0,75,Yes,1,2.48,0,214.1,62,78.8,10.05,9.2,VT
600,0,102,Yes,0,0,2,102.6,89,39,12.3,9.1,VT
601,1,62,No,0,0,0,159.7,86,44,9.88,13.9,VT
602,0,143,Yes,0,0.27,1,202.8,109,51.7,8.29,4.6,ME
603,0,53,Yes,0,0,3,57.5,95,33,13.28,11.6,ME
604,0,30,Yes,0,0,1,169.9,144,49,11.26,11.4,VT
605,1,112,Yes,0,0,2,335.5,77,76,10.63,12.7,ME
606,0,129,Yes,0,0,0,139.5,119,49,14.47,13.1,ME
607,0,63,Yes,1,1.78,1,142.3,107,52.8,5.94,6.6,NH
608,0,28,Yes,0,0,0,187.8,94,54,12.43,10.6,VT
609,0,111,Yes,0,0,3,146.2,55,48,13.08,8.7,NH
610,0,91,Yes,0,0,3,231.8,120,53,7.53,11.6,VT
611,0,90,Yes,0,0,1,193.7,83,47,7.71,12.7,ME
612,0,151,Yes,0,0.24,4,156.4,108,49.4,11.67,7.7,NH
613,1,105,No,1,3.56,1,220.7,82,92.6,10.89,13.2,VT
614,0,41,Yes,1,1.97,2,239.8,110,79.7,11.1,7.3,ME
615,0,48,Yes,1,2.16,1,172,111,68.6,10.01,8,VT
616,0,166,No,1,2.38,2,128.2,138,69.8,13.73,8.8,VT
617,0,79,Yes,0,0,3,130.2,119,47,14.55,14,VT
618,0,153,Yes,0,0,1,195.4,107,47,7.73,11.6,VT
619,1,110,No,0,0,0,293.3,79,66,9.43,14.5,ME
620,0,163,Yes,0,0,1,191.3,89,49,9.7,12.8,ME
621,0,126,Yes,0,0,1,122.4,88,34,7.19,11.5,ME
622,0,105,Yes,1,2.86,2,209.6,68,77.6,7.35,10.6,ME
623,0,172,Yes,0,0,3,215.7,140,50,7.32,7.1,ME
624,0,126,Yes,0,0,0,161.4,110,47,11.03,5.1,ME
625,0,97,Yes,0,0.27,3,144.2,91,46.7,11.34,13.8,ME
626,1,95,No,1,1.11,0,220.2,109,65.1,9.27,4.1,VT
627,0,87,Yes,0,0,4,256.2,105,58,8.04,7.4,ME
628,0,97,Yes,0,0,1,112.7,119,38,10.89,6.5,VT
629,1,76,Yes,0,0,0,299.5,125,71,11.34,13.7,VT
630,0,140,Yes,0,0,0,194.8,107,48,8.55,13.9,NH
631,0,169,Yes,0,0,0,100.8,112,37,11.5,9.5,NH
632,0,68,Yes,1,1.3,3,82.5,97,52,14.5,4.8,VT
633,0,122,Yes,1,4.21,2,146.4,104,75.1,4.49,15.6,VT
634,0,36,Yes,0,0,2,177.9,129,50,11.23,10.8,VT
635,0,120,Yes,1,2.75,5,153.5,84,70.5,9.7,10.2,NH
636,0,121,Yes,0,0,1,150.7,105,43,9.87,9.2,VT
637,0,64,Yes,1,2.03,0,180.1,106,62.3,6.38,7.5,NH
638,0,13,Yes,1,3.48,1,265.3,94,92.8,7.38,12.9,ME
639,0,106,Yes,0,0,0,128.6,83,34,6.7,11.4,VT
640,0,88,Yes,0,0,2,161.5,92,43,8.68,7.9,NH
641,0,74,Yes,0,0,1,165.3,120,45,9.93,9.8,VT
642,0,83,Yes,0,0,0,195,92,52,10.53,11,VT
643,0,49,Yes,0,0,0,213.8,79,59,13.26,15.6,VT
644,0,111,Yes,1,3.78,1,205.5,114,91.8,10.97,14,VT
645,0,50,Yes,1,2.3,3,252.9,112,82,8.9,8.5,NH
646,0,153,Yes,1,4.16,0,235.6,74,101.6,11.4,15.4,ME
647,0,88,Yes,0,0,1,192,91,44,6.38,7.5,NH
648,0,131,Yes,1,2.46,0,69.1,122,45.6,5.07,9.1,VT
649,1,79,Yes,0,0,3,261.7,97,63,10.53,6,NH
650,0,140,Yes,0,0,2,235.5,81,62,12.86,11.5,VT
651,0,105,Yes,0,0.38,1,213.4,100,57.8,10.25,9.5,NH
652,0,54,Yes,1,2.48,3,206.9,143,71.8,6.39,9.2,ME
653,0,87,Yes,1,2.3,3,263.8,65,77,5.17,8.5,VT
654,0,96,Yes,1,2.84,1,183.4,126,76.4,9.78,10.5,NH
655,1,79,Yes,0,0,5,157.6,85,44,9.71,9.4,ME
656,0,55,Yes,0,0,0,175.6,147,44,8.09,9.3,NH
657,0,130,Yes,0,0,2,242.5,101,50,5.14,9.3,NH
658,0,34,Yes,0,0,0,151,102,37,6.57,9.9,ME
659,0,139,Yes,0,0.29,1,138.1,103,40.9,8.23,8.3,VT
660,1,109,Yes,0,0,1,264.7,69,71,15.25,9.5,NH
661,0,65,Yes,1,3.24,1,282.3,70,93.4,7.6,12,VT
662,0,63,Yes,0,0.37,0,211.2,80,60.7,11.89,12.3,VT
663,0,152,Yes,0,0,3,197.1,126,45,6.51,7.4,NH
664,0,147,Yes,0,0,1,205.3,95,50,8.34,7.8,VT
665,0,112,Yes,1,2.48,2,181.8,110,75.8,11.41,9.2,NH
666,0,120,Yes,0,0,2,252,120,56,7.51,9.6,ME
667,0,27,Yes,0,0,0,193.8,102,44,5.95,9.2,VT
668,0,171,Yes,0,0,1,231.2,135,56,9.44,12.3,NH
669,0,101,Yes,1,4.19,0,200.1,108,92.9,9.45,15.5,ME
670,0,32,Yes,1,4.4,1,266.7,109,110,11.62,16.3,VT
671,0,3,Yes,1,3.21,2,118.1,117,71.1,11.08,11.9,VT
672,0,151,Yes,0,0.43,0,175.3,106,47.3,7.22,11.8,NH
673,0,60,Yes,0,0.35,3,125.1,99,46.5,12.44,11.2,ME
674,0,119,Yes,0,0.39,1,176.8,90,53.9,11.24,7.5,VT
675,0,43,Yes,0,0,1,241.9,101,53,6.47,5.9,NH
676,0,42,Yes,0,0,0,241.2,134,51,5.83,10.6,VT
677,0,84,Yes,0,0,1,217.1,99,57,11.8,9.4,NH
678,0,65,Yes,0,0.33,0,195.4,110,52.3,9.06,8.9,VT
679,1,75,No,0,0,1,222.4,78,66,16.35,8.7,NH
680,0,116,Yes,0,0,1,189.5,90,49,9.49,13.1,NH
681,0,107,Yes,0,0,0,123.1,100,35,7.92,9.3,ME
682,0,189,Yes,1,3.08,3,256.7,98,87.8,7.53,11.4,ME
683,0,123,Yes,0,0,1,159.1,94,48,12.08,6.5,ME
684,0,110,Yes,0,0.24,3,100.1,90,39.4,11.67,11.1,NH
685,0,63,Yes,1,2.32,1,30.9,113,45.2,9.35,8.6,ME
686,0,176,Yes,0,0,3,223.2,76,57,10.72,10.1,VT
687,0,108,Yes,0,0,1,187.4,101,49,10,12.6,ME
688,0,13,Yes,1,3.27,3,315.6,105,104.7,10.45,12.1,VT
689,0,71,Yes,0,0,1,277.5,104,59,6.59,8.2,ME
690,0,88,Yes,0,0,2,189.8,111,50,9.87,14.9,VT
691,0,137,Yes,0,0,1,147.2,119,42,9.64,10.2,VT
692,0,82,Yes,0,0,4,185.8,36,56,13.83,5.7,VT
693,0,92,Yes,1,2.16,3,155.4,110,64.6,9.43,8,VT
694,0,165,Yes,0,0,6,154.2,91,50,13.43,10.9,NH
695,0,96,Yes,0,0,1,97.6,98,26,5.28,11.6,ME
696,0,156,Yes,0,0.33,1,178.8,94,49.3,8.92,7.5,VT
697,0,63,Yes,0,0,0,149.3,104,49,13.68,9.1,VT
698,0,37,Yes,0,0,0,206,89,51,9.3,8.4,ME
699,0,98,Yes,0,0,0,216.8,86,54,9.54,11,ME
700,0,121,Yes,0,0,0,103.3,110,29,6.46,10.7,VT
701,0,94,Yes,0,0.15,0,139.4,95,39.5,7.96,7.7,ME
702,0,99,Yes,0,0,1,191.2,110,47,8.2,14.1,NH
703,0,163,Yes,1,2.81,1,160,104,72.1,9.47,10.4,NH
704,0,161,Yes,0,0.32,3,221.7,95,58.2,9.65,6.5,VT
705,0,99,Yes,0,0,1,62.9,81,31,11.55,8.5,VT
706,0,108,Yes,0,0,1,215.6,78,54,9.77,3.6,ME
707,0,84,Yes,1,2.05,3,165.3,97,68.5,11.18,7.6,ME
708,0,83,No,1,2.86,2,94.7,111,58.6,7.72,10.6,NH
709,0,139,Yes,0,0,2,203.2,81,48,7.63,9.7,ME
710,0,69,Yes,0,0.29,3,195.3,70,54.9,10.84,12.5,NH
711,0,129,Yes,0,0,4,143.7,114,50,14.89,11.4,ME
712,0,106,Yes,0,0.31,2,114.4,104,30.1,3.92,0,VT
713,0,158,Yes,0,0,2,222.8,101,56,10.15,6.9,NH
714,0,168,Yes,1,1.97,2,175.9,70,67.7,10.59,7.3,NH
715,1,115,No,0,0,1,249.9,95,64,12.13,15.3,NH
716,0,57,No,1,3.08,2,234.5,130,87.8,9.76,11.4,VT
717,0,67,Yes,0,0,1,210.7,116,55,10.96,7.2,ME
718,0,127,Yes,0,0,1,182.3,124,46,8.5,9.3,VT
719,0,78,Yes,0,0,2,190.3,88,49,9.73,11.7,VT
720,0,100,Yes,1,2,0,177.1,88,65,8.19,7.4,VT
721,1,103,Yes,1,2.94,6,87.2,92,59.4,8.47,10.9,ME
722,0,113,Yes,0,0,1,215.6,96,54,9.67,13.5,VT
723,0,78,Yes,0,0,3,137.4,109,44,11.88,14,VT
724,0,129,Yes,1,4.43,1,192.8,103,92.3,8.85,16.4,VT
725,0,57,Yes,0,0.2,2,149.3,100,45,10.01,11.9,NH
726,0,82,Yes,0,0,1,143.7,116,39,8.54,7.8,ME
727,0,64,Yes,0,0,1,224.8,111,55,9.5,9.2,NH
728,0,86,Yes,1,3.43,2,261.2,122,97.3,10.71,12.7,VT
729,0,151,Yes,1,3.62,0,196.5,98,85.2,8.79,13.4,ME
730,1,94,Yes,0,0,3,271.2,105,64,10.13,11.5,VT
731,0,90,Yes,0,0,2,207.2,121,61,14.63,8,ME
732,0,48,Yes,0,0,2,300.4,94,63,6.66,7.2,VT
733,0,85,Yes,1,2.57,2,229.6,123,76.7,6.62,9.5,ME
734,0,93,No,1,3.27,1,187.5,110,79.7,8.49,12.1,NH
735,0,169,No,0,0,3,57.1,98,27,9.99,6.5,ME
736,1,68,Yes,0,0,5,162.1,86,41,7.75,11,NH
737,1,91,No,0,0,2,145,89,40,8.79,16.7,NH
738,0,68,Yes,0,0,1,159.5,123,48,12.04,11.4,NH
739,0,101,Yes,0,0,1,190.7,72,51,10.43,8.8,VT
740,0,67,Yes,1,2.54,1,230.6,40,81.4,9.46,9.4,ME
741,0,66,Yes,0,0,0,34,133,30,13.93,11.5,ME
742,0,116,Yes,1,3.08,5,193.4,112,84.8,12.03,11.4,ME
743,0,158,Yes,0,0,1,202,126,49,8.18,10.4,NH
744,0,78,Yes,0,0,1,191.7,122,54,12.07,9.1,VT
745,0,119,Yes,1,1.78,1,161.3,97,66.8,12.52,6.6,VT
746,0,120,Yes,0,0.3,1,150.6,85,39,5.95,6.4,NH
747,0,155,Yes,0,0.34,1,184.6,102,52.4,9.8,7.8,NH
748,0,106,Yes,0,0,1,220.7,120,61,13.51,8.7,VT
749,0,87,No,0,0,1,167.3,119,46,9.93,11,ME
750,0,146,Yes,1,2.21,3,154,80,64.1,9.28,8.2,ME
751,0,101,Yes,1,2.73,0,121.1,116,64.3,9.32,10.1,NH
752,0,22,Yes,1,3.43,3,182.1,94,79.3,8.23,12.7,VT
753,0,90,Yes,0,0,2,109.6,88,31,6.88,11,ME
754,0,41,Yes,0,0.34,1,209.9,105,50.4,6.1,9.6,ME
755,0,69,Yes,0,0,2,167.5,76,50,12.11,11.4,NH
756,0,33,Yes,0,0,2,213.9,88,57,11.99,9.8,NH
757,0,112,Yes,0,0,1,115.8,108,41,12.17,13.1,NH
758,0,108,Yes,1,2.65,2,276.6,99,92.5,11.01,9.8,VT
759,0,136,Yes,1,2.57,2,179.4,88,71.7,9.06,9.5,NH
760,0,128,Yes,0,0,1,187.3,84,55,13.54,10.1,ME
761,0,27,Yes,0,0,2,201.2,128,54,11.36,8.4,VT
762,0,161,No,0,0,1,189.6,78,55,13.37,1.3,VT
763,0,33,Yes,1,4.05,0,186.8,124,94.5,13.05,15,ME
764,0,120,Yes,1,3.08,0,153.5,83,75.8,10.96,11.4,VT
765,0,113,Yes,0,0,2,187.6,97,50,10.41,8.7,ME
766,1,122,No,0,0,0,230.9,132,60,12.16,11,NH
767,0,148,Yes,1,4.1,2,244.9,150,93,5.9,15.2,NH
768,0,74,Yes,0,0,3,230.9,93,59,11.15,9.7,ME
769,0,106,Yes,0,0.26,1,187.1,104,56.6,12.51,11,VT
770,0,179,Yes,0,0,1,170.7,54,46,9.56,13.3,VT
771,1,149,No,1,2.38,5,126.9,97,59.8,8.35,8.8,VT
772,0,77,Yes,0,0,0,189.5,112,50,10.35,9.2,NH
773,1,127,No,0,0,1,176.9,110,45,8.4,7.7,NH
774,0,80,Yes,0,0,1,161.1,99,45,9.94,10.6,NH
775,0,106,Yes,0,0,1,169.4,107,46,9.86,10.7,VT
776,0,61,Yes,1,2.84,0,254.4,133,85.4,8.09,10.5,NH
777,0,135,No,1,1.57,2,127.7,54,55.7,10.75,5.8,VT
778,0,115,Yes,1,3.67,6,170.5,107,84.7,10.86,13.6,VT
779,0,167,No,0,0,2,219.1,100,58,12.15,10.1,VT
780,0,107,No,0,0,2,273.5,104,63,9.19,11,VT
781,0,112,No,0,0,1,161.9,138,45,10.05,10.7,ME
782,0,35,Yes,1,2.54,1,241.7,87,79.4,7.1,9.4,NH
783,0,103,No,0,0.38,3,62.8,124,29.8,8.52,9.4,NH
784,0,107,Yes,1,3.02,1,281.1,83,90.2,7.19,11.2,NH
785,0,69,Yes,0,0,3,228.2,70,62,13.19,10.7,VT
786,0,85,Yes,0,0,0,209.8,82,53,9.73,11.3,VT
787,1,24,Yes,0,0,2,265.6,86,63,10.44,11.1,VT
788,0,90,Yes,0,0,2,214.9,97,47,5.89,11.8,ME
789,0,137,Yes,0,0,3,110.5,79,38,11.16,10.5,ME
790,0,92,No,1,2.03,0,281.1,88,85.3,9.9,7.5,VT
791,0,38,Yes,0,0,2,137.8,86,48,14.32,14.1,ME
792,1,69,No,1,2.21,1,271.5,98,90.1,12.67,8.2,NH
793,0,45,Yes,0,0,2,112.8,108,38,10.94,9,ME
794,0,73,Yes,0,0,1,187.3,118,53,11.99,15.1,VT
795,0,92,Yes,0,0,1,197,84,57,13.47,10.8,ME
796,0,113,Yes,1,2.27,1,180.4,89,64.7,6.47,8.4,VT
797,1,68,No,0,0,1,148.5,126,44,10.97,14.5,ME
798,0,135,Yes,1,3.94,2,197.1,113,95.4,12.97,14.6,VT
799,0,100,Yes,1,4.29,1,153.7,115,80.9,6.89,15.9,NH
800,0,96,Yes,1,3.05,1,261.3,96,94.5,11.05,11.3,VT
801,0,108,Yes,0,0,1,246.2,102,60,10.12,9.4,VT
802,0,84,Yes,0,0,0,191,88,60,15.94,6.5,NH
803,0,134,Yes,0,0.35,1,208.3,86,60.5,12.68,12.6,ME
804,0,72,Yes,0,0,0,253,73,62,10.97,9.8,ME
805,0,83,Yes,0,0,0,202.3,87,52,10.08,6.8,NH
806,0,137,Yes,0,0,0,174.4,120,43,7.82,10.2,ME
807,0,56,Yes,1,3.27,1,127.1,89,69.7,8.61,12.1,VT
808,0,61,No,1,3.05,0,143.5,76,76.5,12.13,11.3,VT
809,0,171,Yes,1,1.57,1,186.9,94,68.7,12,5.8,VT
810,0,123,Yes,0,0,1,194,118,54,12.1,12.1,NH
811,0,58,Yes,0,0.19,0,234.8,89,50.9,5.34,9.9,VT
812,0,156,Yes,0,0,1,123.7,96,30,5.15,13.1,NH
813,0,166,Yes,0,0,0,173.9,103,54,13.82,15.3,ME
814,0,75,Yes,1,3.35,1,130.9,115,73.5,10.17,12.4,VT
815,1,75,Yes,0,0,2,314.6,102,68,8.49,5.7,ME
816,0,83,Yes,0,0,1,227.9,78,57,10.38,12.1,NH
817,0,243,Yes,0,0,2,95.5,92,31,8.19,6.6,NH
818,0,153,Yes,0,0,1,185.3,127,50,10.4,15.1,VT
819,0,150,Yes,0,0.26,1,146.3,133,45.6,10.14,13.1,ME
820,0,92,Yes,1,3.43,2,184,99,72.3,3.82,12.7,ME
821,0,80,Yes,0,0,0,105.8,110,22,2.2,13.1,NH
822,0,134,Yes,0,0.31,1,178,110,47.1,7.69,11.7,ME
823,0,77,Yes,1,2.73,1,149.4,74,63.3,6.2,10.1,VT
824,0,147,Yes,0,0,2,209.4,104,47,6.63,11.3,ME
825,0,74,Yes,0,0,1,172.1,105,48,10.59,11.6,NH
826,0,138,No,0,0,1,169.3,82,48,10.9,9.4,VT
827,0,143,Yes,0,0.42,0,119.1,117,49.2,14.39,12.2,VT
828,0,64,Yes,0,0,2,194.2,147,48,8.67,5.5,VT
829,0,120,Yes,0,0,2,198.8,56,54,11.51,9.9,NH
830,1,121,No,0,0,3,167.7,94,37,4.69,13.4,ME
831,0,88,Yes,0,0,2,202.2,86,53,10.84,11.8,NH
832,1,87,Yes,0,0,2,322.5,106,73,10.23,9.4,VT
833,0,100,Yes,0,0.3,0,216.2,107,59,10.78,10.2,ME
834,0,104,Yes,0,0,3,76.4,116,23,5.78,9.4,ME
835,0,27,Yes,0,0,1,72.7,75,31,10.43,9.9,VT
836,0,81,Yes,1,2.62,0,210.4,100,81.2,11.28,9.7,VT
837,0,64,No,1,2.19,0,127.2,93,57.9,8.15,8.1,NH
838,0,107,Yes,1,3.21,1,201.8,79,93.1,15.25,11.9,NH
839,0,88,Yes,1,4.35,1,219.5,78,100.5,11.11,16.1,NH
840,0,111,Yes,0,0,3,99.3,112,40,13.53,9,ME
841,0,77,Yes,0,0,5,239.2,114,54,7.5,10.3,NH
842,0,67,No,0,0,2,120.9,58,41,11.75,11.4,ME
843,0,102,Yes,0,0,1,224.7,81,50,6.47,15.8,NH
844,0,146,Yes,1,3.94,1,176.6,88,83.4,8.14,14.6,ME
845,0,144,Yes,1,2.7,1,283.9,98,92,9.6,10,VT
846,1,96,Yes,0,0,1,180.6,92,47,9.55,10.3,NH
847,0,70,Yes,1,2.78,1,125.9,101,66.8,9.82,10.3,NH
848,0,149,Yes,0,0,0,237.6,79,57,9.62,9.1,NH
849,0,129,Yes,0,0,2,198.4,91,57,13.24,9.2,VT
850,0,166,Yes,0,0,0,274.3,110,52,2.65,10.9,VT
851,1,136,No,0,0,3,199.6,89,52,10.57,11,NH
852,0,149,Yes,0,0,3,217.7,91,61,13.68,9.6,VT
853,0,70,Yes,0,0,3,134.7,96,43,11.8,7.6,VT
854,0,120,Yes,1,2.62,2,212.7,73,85.2,12.88,9.7,NH
855,0,66,Yes,0,0,2,256.3,135,59,9.01,6.2,ME
856,0,104,Yes,0,0.27,1,183.6,133,44.7,6.04,12.7,NH
857,0,160,Yes,0,0,1,176.2,90,47,9.8,9.2,VT
858,0,129,Yes,1,3.16,1,205,94,80.6,8.27,11.7,NH
859,1,93,Yes,0,0,3,267.9,114,65,11.15,11.3,NH
860,0,169,Yes,0,0,2,179.2,111,46,8.76,9.9,ME
861,0,58,Yes,0,0,1,149.4,145,43,9.83,14.9,ME
862,0,75,Yes,1,3.54,3,163.6,132,76.4,7.34,13.1,ME
863,0,45,Yes,0,0,1,207.6,71,49,7.64,12.4,VT
864,0,155,Yes,0,0,3,165.4,108,44,9.19,8.9,ME
865,0,52,Yes,0,0,4,209.8,114,51,8.57,9.9,VT
866,0,119,Yes,1,3,0,220.1,128,91,13.41,11.1,NH
867,0,86,Yes,0,0,1,141.3,72,38,7.72,8.2,VT
868,0,42,Yes,0,0,0,196.5,89,54,12.07,4,ME
869,0,127,No,0,0.26,2,180.9,114,51.6,10.48,7.4,ME
870,0,123,Yes,0,0,0,105,150,40,12.58,14.9,NH
871,1,98,Yes,0,0,4,271.4,119,63,9.52,11.1,VT
872,0,149,Yes,1,2.94,1,206.7,79,79.4,8.73,10.9,VT
873,0,160,Yes,0,0.18,1,166.8,109,50.8,11.8,9.3,VT
874,0,103,Yes,0,0,5,204.9,107,47,6.76,10.4,ME
875,0,132,Yes,1,2.46,1,154.6,128,72.6,12.28,9.1,NH
876,0,137,Yes,0,0,1,127,107,50,16.16,7.5,VT
877,0,129,No,0,0,1,267.4,78,63,10.21,5.9,VT
878,0,62,Yes,0,0,1,281,66,62,8.03,0,VT
879,0,122,Yes,1,3.19,4,270.8,96,96.9,11.02,11.8,VT
880,0,32,Yes,0,0,1,171.2,82,45,9.28,10.2,ME
881,0,86,Yes,0,0,3,124.1,82,39,10.13,6.7,ME
882,0,130,Yes,0,0.35,1,162.8,113,56.5,14.52,7.2,VT
883,0,42,Yes,0,0,1,146.3,84,47,12.8,8,NH
884,0,73,Yes,0,0,2,254.8,85,56,7.17,15,VT
885,0,66,Yes,1,1.46,2,254.9,108,78.6,12.16,5.4,NH
886,0,103,Yes,1,2.4,0,107.7,124,59,9.45,8.9,ME
887,0,128,Yes,0,0,1,158.8,75,50,13.24,7.6,VT
888,0,104,Yes,0,0.23,2,182.9,113,54.3,11.98,5.5,NH
889,0,103,Yes,0,0,0,198.5,112,38,2.13,12.4,ME
890,0,124,Yes,0,0,0,178.4,72,51,11.68,12,NH
891,0,87,Yes,0,0,1,110.9,91,33,7.93,6.2,NH
892,1,109,Yes,1,3.32,1,166.9,85,81.2,11.06,12.3,VT
893,0,167,No,0,0,2,244.8,91,47,3.04,10.7,NH
894,1,97,Yes,0,0,4,120.8,96,35,8.49,11.9,VT
895,0,106,Yes,0,0.25,2,165.3,118,48.5,10.5,8.5,ME
896,0,125,Yes,0,0,2,126.7,113,35,7.78,14.4,VT
897,0,108,Yes,1,4.19,0,215.9,106,95.9,10.03,15.5,VT
898,0,125,Yes,0,0.3,1,140.1,132,45,10.48,8,NH
899,0,89,Yes,1,2.35,1,209.9,113,80.5,12.49,8.7,ME
900,0,72,No,1,1.49,0,139.8,114,50.9,6.91,5.5,ME
901,1,23,Yes,0,0,2,321.6,107,77,12.58,11.3,ME
902,0,149,Yes,0,0,7,166.6,61,47,10.94,8.2,VT
903,0,73,Yes,0,0,0,214.2,90,54,9.84,5.9,VT
904,1,61,Yes,0,0,1,260,123,63,10.53,9,ME
905,1,161,Yes,0,0.16,4,191.9,113,40.6,3.55,13.4,ME
906,0,73,Yes,0,0,0,213,95,53,9.44,13.5,NH
907,0,118,Yes,1,4.56,1,118.1,83,75.6,5.48,16.9,ME
908,0,23,Yes,0,0,6,190.2,89,47,8.32,15,ME
909,0,127,Yes,1,1.38,0,82.2,95,41.8,8.17,5.1,NH
910,0,42,Yes,1,2.19,0,163.8,80,64.9,8.89,8.1,NH
911,1,118,Yes,0,0,5,267.8,145,73,15.82,14.4,NH
912,0,45,Yes,0,0,2,159.8,91,38,6.02,10.6,NH
913,0,50,Yes,1,2.86,1,214.3,129,90.6,14.49,10.6,ME
914,1,179,Yes,0,0,0,287.3,123,74,14.4,10.5,NH
915,0,152,Yes,0,0.22,2,101.2,122,32.2,7.08,7.5,VT
916,0,105,Yes,0,0,2,102.8,74,42,14.09,13.2,VT
917,0,72,Yes,0,0,0,109.1,97,29,5.79,8.3,VT
918,0,52,Yes,0,0,1,215.9,67,56,10.85,5.2,VT
919,0,125,Yes,0,0,1,203.4,110,46,6.44,11,NH
920,0,143,Yes,0,0.29,1,110.1,113,36.9,8.45,9.2,NH
921,0,65,Yes,0,0,1,111,51,38,10.99,4.4,NH
922,0,80,Yes,0,0,1,239.9,121,53,7.12,9.3,VT
923,0,1,Yes,0,0,1,144.8,107,35,5.63,13.8,ME
924,0,60,Yes,0,0,1,135.4,134,41,10.3,7.9,NH
925,0,43,Yes,0,0,1,84.2,134,22,4.04,10.8,ME
926,0,143,Yes,0,0,0,209.1,127,45,5.31,14,ME
927,0,81,Yes,1,3.08,0,130.1,117,69.8,9.8,11.4,NH
928,0,205,Yes,1,2.11,2,175.8,139,65.1,7.75,7.8,ME
929,0,24,Yes,0,0,1,241.9,104,54,7.26,6.6,VT
930,0,74,Yes,0,0,0,136.7,106,43,11.43,9.8,ME
931,0,77,Yes,0,0,1,67.7,68,29,9.79,12,ME
932,0,74,Yes,0,0,1,200.4,87,61,15.46,10,VT
933,1,74,No,0,0,1,125.8,103,40,10.39,14.1,VT
934,0,200,Yes,0,0,1,128.2,87,34,6.66,11.2,NH
935,0,86,Yes,0,0,4,226.3,88,58,11.15,13,VT
936,0,91,Yes,1,2.48,0,162.3,107,72.8,11.7,9.2,NH
937,0,76,Yes,0,0,2,224.4,121,51,7.4,6.7,ME
938,0,130,Yes,0,0,1,120.5,127,37,9.49,14.3,VT
939,0,56,Yes,0,0.32,2,91.1,90,34.2,8.97,11.9,VT
940,0,117,Yes,0,0,0,168.8,137,50,12.07,15.5,VT
941,0,63,Yes,0,0.36,2,153.5,81,54.6,14.37,6.5,ME
942,0,126,Yes,0,0,0,226.2,88,51,7.02,6.4,NH
943,0,132,Yes,0,0.31,1,191.9,107,54.1,10.35,12.6,ME
944,1,81,Yes,1,2.48,4,167.9,147,69.8,9.54,9.2,VT
945,0,122,Yes,0,0,2,180,88,43,7.25,11.5,NH
946,1,46,Yes,0,0,2,257.4,67,66,13.06,13.4,NH
947,0,150,Yes,1,2.97,1,174.4,75,74.7,8.5,11,ME
948,0,99,Yes,0,0,1,159.7,83,41,7.77,8.4,NH
949,0,87,Yes,0,0,1,237.2,124,60,11.13,11,ME
950,0,108,Yes,0,0,1,103,129,39,12.12,7.9,NH
951,0,101,Yes,0,0,4,153.8,89,47,11.7,11.6,VT
952,0,53,Yes,0,0.22,3,205.1,86,51.2,8.03,10.7,VT
953,0,132,Yes,1,2.32,2,175.7,93,69.2,9.36,8.6,ME
954,0,158,Yes,0,0,2,155.9,123,46,11.21,8.6,VT
955,0,114,Yes,1,2.78,0,154.4,109,73.8,11.07,10.3,NH
956,0,77,Yes,1,1.92,2,209.7,73,71.2,9.18,7.1,NH
957,0,144,No,0,0.27,0,150,69,52.7,14.3,9.4,NH
958,0,91,Yes,1,3.32,3,232.4,97,89.2,9.3,12.3,VT
959,0,58,Yes,0,0,2,165.4,100,38,5.79,12.8,VT
960,0,5,Yes,0,0,3,199.2,106,50,9.37,13.3,ME
961,0,97,Yes,0,0.29,0,217.6,81,67.9,16.03,4.2,NH
962,0,107,Yes,0,0.47,3,212.1,95,53.7,7.51,7.7,VT
963,0,142,Yes,1,2.92,1,154,75,70.2,8.29,10.8,ME
964,0,9,Yes,1,3.59,1,193.8,130,86.9,10.13,13.3,ME
965,0,73,Yes,0,0,0,175.4,130,51,12.41,12.2,VT
966,1,48,Yes,1,4.24,2,152,63,90.4,12.94,15.7,ME
967,0,43,Yes,0,0.36,0,230.2,147,58.6,9.34,9.2,NH
968,1,122,Yes,1,3.65,1,174.9,103,87.5,12.41,13.5,ME
969,0,93,Yes,0,0.42,0,190.2,68,59.2,13.11,8.8,ME
970,0,85,Yes,0,0,1,176.4,122,50,11.25,11.5,ME
971,0,59,Yes,0,0.28,3,160.9,95,51.8,12.56,5,NH
972,0,87,Yes,0,0.29,1,228.7,90,55.9,8.15,11.8,VT
973,0,137,Yes,0,0.26,0,144,90,42.6,9.08,12.3,NH
974,0,21,Yes,1,2.57,6,135.9,90,72.7,13.55,9.5,VT
975,1,129,Yes,0,0,0,334.3,118,74,9.61,10.4,NH
976,0,104,Yes,0,0,0,130.5,77,34,6.56,13,NH
977,1,93,Yes,1,3.19,4,134.2,105,68.9,8.13,11.8,ME
978,1,63,Yes,0,0,4,278,102,70,13.32,13.1,VT
979,0,161,Yes,0,0,0,105.4,70,37,10.74,7.8,NH
980,0,50,Yes,0,0,3,188.9,94,50,10.2,11.6,NH
981,0,103,Yes,1,1.86,1,111.8,85,58.6,11.98,6.9,NH
982,0,84,Yes,1,3.51,1,159.1,106,75.1,7.49,13,NH
983,0,92,Yes,0,0.29,1,212.4,105,58.9,11.23,9,VT
984,0,77,Yes,0,0,1,142.3,112,51,15.32,9.9,NH
985,1,64,No,0,0,1,346.8,55,81,12.48,13.3,ME
986,0,159,Yes,1,3.19,1,113.9,102,63.9,7.27,11.8,ME
987,1,110,No,1,2.24,1,267.9,103,90.4,13.17,8.3,ME
988,0,138,Yes,0,0.28,3,171.4,117,41.8,5.76,17,ME
989,0,178,Yes,0,0,1,275.4,150,63,9.38,13.6,ME
990,0,38,Yes,1,1.05,0,197.2,118,65.5,12.5,3.9,ME
991,0,50,Yes,1,2.13,2,192.6,97,66.3,6.76,7.9,NH
992,0,45,Yes,1,2.08,1,91.7,104,49.8,7.53,7.7,ME
993,0,70,Yes,0,0.17,0,126.3,99,35.7,7.08,9.6,VT
994,0,147,Yes,1,2.81,3,251.5,107,91.1,11.71,10.4,ME
995,0,94,Yes,0,0,1,190.6,108,46,7.62,7.5,NH
996,0,179,Yes,0,0,0,116.1,101,37,10.09,11.6,VT
997,0,116,Yes,0,0.23,2,217.3,91,58.3,10.81,11.3,NH
998,0,59,Yes,0,0,0,179.4,80,51,11.63,14.7,ME
999,0,165,Yes,0,0,0,207.7,109,50,8.24,7.9,VT
1000,1,133,Yes,0,0,2,277.3,138,67,11.42,12.8,VT
1001,0,140,Yes,0,0,1,125.3,84,36,8.38,8.4,ME
1002,0,93,Yes,1,1.84,2,138.1,91,56.4,8.37,6.8,NH
1003,0,52,Yes,1,2.21,0,169.3,88,70.1,11.3,8.2,VT
1004,0,64,Yes,1,3.32,1,201.3,101,80.2,7.19,12.3,VT
1005,0,12,No,0,0,2,216.7,117,47,5.83,9.8,VT
1006,0,48,Yes,0,0,2,190.4,92,60,15.88,8.3,ME
1007,0,181,Yes,0,0,1,143.3,91,41,9.78,6,VT
1008,0,168,Yes,1,3.08,2,97.4,57,64.8,10.18,11.4,ME
1009,0,155,Yes,0,0,3,181.4,111,46,8.39,11.3,NH
1010,0,105,Yes,0,0,0,246.4,83,64,12.81,3.8,VT
1011,0,11,Yes,0,0,2,143.4,130,49,14.47,9.7,VT
1012,0,182,Yes,0,0.36,2,104.9,111,38.6,9.93,8,NH
1013,0,104,Yes,0,0,1,156.2,93,43,9.65,13.1,NH
1014,0,102,Yes,0,0,0,114.8,125,27,4.1,12,VT
1015,0,122,Yes,0,0,0,232.5,96,57,10.28,11.9,NH
1016,0,41,Yes,0,0,1,143.6,117,38,7.62,8.6,VT
1017,0,132,Yes,0,0,2,176.7,132,51,12.21,9.1,ME
1018,1,76,Yes,0,0,1,263.4,148,65,11.52,11.4,NH
1019,0,13,Yes,0,0,1,146.4,74,38,7.43,11.3,VT
1020,0,115,Yes,1,3.83,2,145,72,80.3,9.73,14.2,NH
1021,0,67,Yes,0,0.42,1,167.8,91,47.2,8.39,8.4,ME
1022,0,154,Yes,0,0,0,166.9,99,42,7.75,7.2,ME
1023,0,100,Yes,0,0,2,142.5,87,41,9.79,7.8,NH
1024,0,146,No,0,0,1,133,65,45,13.14,11.2,VT
1025,0,148,Yes,1,3.32,1,252.9,129,101.2,14.22,12.3,NH
1026,0,67,Yes,1,2.7,2,95,94,68,14.56,10,VT
1027,1,161,No,0,0,1,194.2,106,55,12.47,12.9,ME
1028,0,70,Yes,0,0,1,222.8,114,57,10.8,0,NH
1029,0,116,Yes,0,0,0,201.8,82,54,11.58,16.5,NH
1030,1,99,Yes,1,2.51,2,216,125,82.1,11.62,9.3,NH
1031,0,87,Yes,0,0.29,1,146.3,108,42.9,8.59,5.3,ME
1032,0,87,Yes,0,0.32,1,234.8,85,55.2,7.05,9.5,VT
1033,0,70,Yes,0,0,2,198.6,111,52,10.7,10.6,NH
1034,0,131,Yes,0,0,2,94.4,80,35,10.76,13.1,ME
1035,0,119,Yes,0,0.18,2,190.4,74,52.8,10.78,10,ME
1036,0,119,Yes,1,3.24,3,142.6,77,74.4,10.41,12,ME
1037,0,87,No,0,0,0,134.2,80,37,8.25,10.7,ME
1038,1,112,Yes,0,0,5,111.9,92,29,5.7,14.1,NH
1039,0,75,Yes,0,0,2,122.8,89,39,10.57,10.7,VT
1040,0,150,Yes,0,0,4,189.3,77,51,11.05,9.2,ME
1041,0,161,Yes,1,4.35,0,240.4,112,102.5,10.09,16.1,ME
1042,0,91,No,1,2.67,0,93.5,112,58.7,9.17,9.9,ME
1043,0,124,Yes,0,0,3,158.6,104,45,10.56,10.2,ME
1044,0,94,No,0,0,4,243.2,109,54,7.35,7.2,VT
1045,0,217,Yes,0,0,4,176.4,115,44,7.94,9.3,NH
1046,0,158,Yes,0,0.31,0,220.9,129,62.1,12.11,6.4,VT
1047,0,102,Yes,0,0.33,0,144.4,87,51.3,13.33,7.1,VT
1048,0,85,Yes,0,0,0,212.3,107,56,11.42,7.7,VT
1049,0,79,Yes,0,0,1,147,72,40,8.29,8.4,ME
1050,0,139,Yes,1,3.48,2,96.2,112,66.8,8.95,12.9,ME
1051,0,103,Yes,0,0,0,263.4,118,60,8.96,10.3,VT
1052,0,98,No,0,0,1,12.5,67,24,12.83,7.7,VT
1053,0,78,Yes,0,0.21,2,162.3,116,46.1,9.62,10.1,VT
1054,0,50,Yes,0,0,1,183.6,107,37,2.93,8.7,NH
1055,0,161,Yes,0,0,1,178.1,109,43,7.33,8.5,VT
1056,0,67,Yes,0,0,0,201.4,101,43,4.88,7,ME
1057,0,86,Yes,1,3.59,1,123,158,68.9,6.7,13.3,NH
1058,0,92,Yes,0,0,0,208,125,53,9.95,8.6,ME
1059,0,174,Yes,0,0.29,1,239.2,72,59.9,9.43,8.8,VT
1060,0,124,Yes,0,0,1,193,97,41,4.49,15.3,NH
1061,0,132,Yes,1,2.78,1,174.5,101,78.8,12.28,10.3,NH
1062,0,190,Yes,1,2.67,1,116.7,71,59.7,7.3,9.9,NH
1063,0,101,Yes,0,0,1,93.8,127,29,7.5,10.7,NH
1064,0,185,No,1,3.48,2,154.1,114,71.8,5.94,12.9,VT
1065,0,68,Yes,1,2.67,0,239.5,82,85.7,10.19,9.9,ME
1066,0,117,Yes,1,3.19,0,216,140,87.9,11.21,11.8,NH
1067,0,118,Yes,0,0.32,1,187.4,97,50.2,8.89,12.2,ME
1068,0,124,Yes,0,0.21,0,167.4,119,51.1,11.66,10.3,NH
1069,0,22,Yes,0,0,1,160.4,108,46,10.91,12.5,ME
1070,0,75,Yes,0,0,1,143.2,92,43,10.46,11.9,ME
1071,0,134,Yes,0,0,1,205.3,122,56,12.03,5,VT
1072,0,164,Yes,1,3.86,1,219.1,88,89.6,7.58,14.3,NH
1073,0,44,Yes,0,0.32,1,143.2,77,42.2,8.49,7.6,ME
1074,0,177,Yes,0,0,2,232.8,106,55,8.76,12.5,VT
1075,0,110,Yes,0,0,0,162,81,49,12.38,8.9,ME
1076,0,53,Yes,1,1.76,1,25.9,119,39.6,10.33,6.5,NH
1077,1,108,Yes,0,0,4,154.2,123,36,5.62,15.4,NH
1078,1,80,Yes,0,0,0,322.3,113,74,11.1,6.7,NH
1079,0,158,Yes,0,0,1,209.9,112,55,11.07,8.2,NH
1080,0,114,Yes,0,0,0,191.5,88,48,8.76,0,VT
1081,0,64,Yes,1,2.03,1,291.1,150,89.3,11.34,7.5,VT
1082,0,88,Yes,0,0,3,215.6,115,56,10.81,11.8,VT
1083,0,82,No,0,0,3,208.8,101,54,10.69,12.4,ME
1084,0,111,Yes,0,0,3,255.9,97,61,10.21,12.3,VT
1085,0,60,Yes,0,0,2,252.7,97,62,11.06,12.4,VT
1086,0,113,Yes,0,0,3,132.1,72,44,12.38,6.9,ME
1087,0,109,Yes,0,0,1,217,115,55,10.35,8.2,NH
1088,0,105,Yes,1,3.48,0,101.9,79,71.8,11.16,12.9,NH
1089,0,85,Yes,0,0,2,211.5,100,52,9.23,13.3,NH
1090,0,131,Yes,0,0.46,0,153.4,86,47.6,9.93,10.4,VT
1091,0,59,Yes,0,0.27,2,166.3,95,51.7,11.97,10,VT
1092,0,148,Yes,0,0.45,1,185.2,87,50.5,8.52,9.5,NH
1093,0,210,Yes,0,0.28,2,104.6,121,33.8,7.48,6.5,NH
1094,0,115,Yes,0,0,0,245.2,105,56,7.95,7.2,VT
1095,0,106,Yes,0,0,1,274.4,120,64,9.93,6,NH
1096,0,93,Yes,0,0,1,98.4,78,38,12.48,14.2,VT
1097,0,57,Yes,1,3.51,1,279.9,121,102.1,11.16,13,NH
1098,0,98,Yes,0,0.41,1,187.2,127,53.1,9.78,5.1,ME
1099,0,157,Yes,0,0,3,276.2,95,62,8.29,2.2,ME
1100,0,116,Yes,1,2.24,1,200.4,104,80.4,13.64,8.3,VT
1101,0,30,Yes,0,0,2,162.3,96,49,12.2,9.1,VT
1102,1,111,Yes,0,0,4,176.9,128,39,5.14,10.5,ME
1103,0,52,Yes,0,0,0,165.5,78,46,10.28,12.2,NH
1104,0,72,Yes,0,0,4,217.8,93,54,9.49,10.4,NH
1105,1,135,Yes,1,3.48,2,201.4,100,90.8,12.33,12.9,NH
1106,0,86,Yes,0,0.42,3,190.5,115,52.2,8.98,10.1,VT
1107,0,98,Yes,1,3.46,3,179.9,97,81.6,9.46,12.8,VT
1108,0,151,Yes,0,0,3,235.9,104,47,4.03,5.8,ME
1109,0,118,Yes,0,0,0,140.4,112,40,9.36,7.9,NH
1110,0,117,Yes,0,0.41,2,144.6,115,51.1,12.94,7.4,VT
1111,0,55,Yes,0,0.23,0,189,100,45.3,5.93,17.1,ME
1112,0,82,Yes,0,0,0,101,93,31,7.78,13.3,NH
1113,0,152,Yes,0,0,1,206.3,98,60,14.64,10.6,VT
1114,0,108,Yes,1,2.94,1,165.1,85,80.4,13.35,10.9,ME
1115,1,98,Yes,0,0,1,165,129,46,10.13,12.5,ME
1116,0,130,Yes,0,0,3,155.9,95,49,12.81,11.7,ME
1117,0,136,No,0,0,1,199.2,122,53,10.74,11.8,VT
1118,0,47,Yes,0,0,3,155.3,116,43,9.41,12.3,NH
1119,0,189,Yes,0,0,3,208.3,106,56,11.84,11.3,ME
1120,0,107,Yes,0,0,1,157.1,79,41,8.13,12.1,NH
1121,1,91,Yes,0,0,5,154.4,165,41,8.42,11.7,NH
1122,1,159,Yes,0,0,1,189.1,105,54,12.31,10.4,NH
1123,0,11,Yes,1,2.7,2,131.5,98,69,11.51,10,ME
1124,0,167,Yes,0,0,1,166.4,85,49,12.16,9.9,ME
1125,0,111,Yes,0,0.26,2,142.3,75,37.6,6.14,12.8,NH
1126,0,99,Yes,1,1.97,2,87.7,103,53.7,11.15,7.3,ME
1127,0,159,Yes,1,4.56,0,184.1,78,93.6,9.73,16.9,VT
1128,0,114,No,1,3.32,2,174.5,104,82.2,11.21,12.3,ME
1129,0,71,Yes,0,0,2,103.3,103,30,6.93,9,NH
1130,0,122,Yes,0,0,1,35.1,62,22,9.04,12.7,VT
1131,0,100,Yes,1,3.51,1,246.6,94,89.1,7.07,13,NH
1132,0,83,Yes,1,3.19,1,78.5,109,63.9,10.53,11.8,NH
1133,1,64,Yes,0,0,5,148.1,73,40,8.25,12.3,ME
1134,0,105,Yes,0,0,1,206.2,84,57,12.82,9,VT
1135,0,144,Yes,1,3.29,2,251.6,87,92.9,9.88,12.2,NH
1136,1,106,No,1,3.89,1,270.3,111,103.9,10.76,14.4,ME
1137,0,19,Yes,1,3.05,1,156.6,97,76.5,11.21,11.3,VT
1138,0,46,Yes,0,0.42,1,139.4,81,47.2,11.19,13.6,VT
1139,0,127,Yes,0,0,2,220.2,108,54,9.42,11.7,VT
1140,0,9,Yes,1,2.73,1,214.1,108,78.3,8.46,10.1,ME
1141,0,157,Yes,0,0,1,196,74,52,10.67,7.9,ME
1142,1,105,Yes,0,0,6,106.4,71,39,12.01,5.3,VT
1143,0,105,Yes,1,2.7,0,179.4,113,81,13.77,10,ME
1144,0,155,Yes,0,0.39,2,216.7,30,53.9,7.22,10.8,VT
1145,0,31,Yes,0,0,0,177.3,129,44,7.64,5.1,NH
1146,0,161,Yes,0,0,1,151.6,117,45,10.97,4,VT
1147,0,95,Yes,1,2.86,0,262.2,123,87.6,8.26,10.6,ME
1148,0,122,Yes,0,0,3,173.6,110,38,4.59,9.7,VT
1149,0,37,No,0,0,2,106.6,76,31,7.37,9.6,NH
1150,1,132,Yes,0,0,5,193.3,106,44,6.42,11.6,NH
1151,0,119,Yes,1,3.05,0,217.2,94,79.5,6.94,11.3,VT
1152,0,16,Yes,0,0,1,209.5,89,51,8.64,8.8,NH
1153,0,99,Yes,0,0,1,95.4,105,34,10.36,5.6,VT
1154,0,76,Yes,1,2.19,1,214.6,110,75.9,10.26,8.1,VT
1155,1,167,Yes,0,0,4,131.6,120,41,10.57,11.1,NH
1156,0,129,Yes,0,0,1,168.4,117,48,10.86,11.8,VT
1157,0,116,Yes,0,0.2,1,146.4,123,42,8.83,7.8,NH
1158,0,60,No,0,0,1,183,110,49,10.34,11.1,VT
1159,0,128,Yes,0,0,0,103.3,122,39,12.3,6.4,NH
1160,0,47,Yes,1,2.86,0,112.2,70,61.6,7.74,10.6,ME
1161,0,40,No,0,0,3,170.7,55,45,8.96,8.2,ME
1162,0,173,Yes,0,0,0,172.5,78,42,7.13,10.9,ME
1163,0,157,Yes,1,1.92,1,194.3,107,73.2,12.16,7.1,ME
1164,0,66,Yes,1,3.24,2,187.8,117,75.4,6.49,12,NH
1165,0,50,No,1,2.16,0,307.1,94,98.6,14.47,8,ME
1166,0,72,Yes,0,0.42,3,118.2,106,39.2,8.36,12.2,VT
1167,0,130,Yes,0,0,1,154,95,44,10.3,12.9,NH
1168,0,143,Yes,0,0.2,1,155.5,101,47,10.67,7.6,NH
1169,0,89,No,0,0,1,125.6,108,40,10.65,5.4,ME
1170,0,108,Yes,0,0,0,199.3,104,53,11.21,15.2,VT
1171,0,32,Yes,0,0,1,157.9,88,43,9.04,12.8,NH
1172,0,166,Yes,0,0,2,203.4,81,49,8.39,9.2,NH
1173,0,109,Yes,0,0,1,222.2,113,57,10.93,10.9,VT
1174,0,72,Yes,1,1.57,1,92.8,98,54.7,13.56,5.8,NH
1175,0,134,Yes,1,2.32,0,216.8,78,69.2,5.11,8.6,NH
1176,0,13,Yes,0,0,4,193.2,89,50,9.72,9.7,NH
1177,0,90,Yes,0,0,3,113.2,108,36,9.47,14.1,ME
1178,0,111,Yes,1,3.02,3,166.2,54,79.2,11.94,11.2,ME
1179,0,101,Yes,1,1.97,1,262.2,101,77.7,7.85,7.3,NH
1180,0,72,Yes,0,0,0,207.8,92,52,9.79,13.1,ME
1181,0,67,Yes,1,2.03,1,245.4,89,75.3,7.41,7.5,VT
1182,1,172,Yes,0,0,3,287.1,108,64,8.92,14.4,ME
1183,0,154,Yes,1,2.43,2,192.3,82,71.3,8.27,9,NH
1184,0,69,Yes,0,0.29,2,194.2,122,56.9,12.11,9.7,VT
1185,0,123,Yes,0,0.15,3,211,92,56.5,10.85,9.8,NH
1186,0,130,Yes,1,2.35,0,141.9,92,67.5,11.45,8.7,VT
1187,0,142,Yes,1,1.59,2,220.5,94,73.9,11.98,5.9,ME
1188,0,29,Yes,0,0,1,157.4,122,40,7.25,9.3,NH
1189,0,87,Yes,1,3.02,0,143.5,106,74.2,11.18,11.2,ME
1190,0,149,Yes,0,0,0,156,56,32,2.8,8.9,VT
1191,0,146,No,0,0,2,160.1,63,45,10.42,9.2,NH
1192,1,88,No,0,0,4,235.1,98,62,12.59,7.2,NH
1193,1,119,No,1,2.35,5,160,95,69.5,10.48,8.7,ME
1194,0,48,Yes,0,0,1,188.4,63,47,8.3,13.2,VT
1195,0,135,Yes,0,0,1,194.8,97,54,11.77,11,VT
1196,0,100,Yes,0,0,1,247.8,117,54,6.5,6.9,ME
1197,0,98,Yes,0,0,4,221.2,80,56,10.68,11.9,VT
1198,0,75,Yes,1,3.62,2,118.5,86,75.2,10.7,13.4,NH
1199,0,180,Yes,1,2.05,1,231.8,78,80.5,11.65,7.6,NH
1200,0,100,Yes,1,3.13,1,215.9,90,90.3,12.9,11.6,VT
1201,0,119,Yes,1,2.16,2,217.1,92,77.6,11.04,8,VT
1202,0,86,Yes,0,0,0,83.5,96,33,11.06,12.6,VT
1203,0,155,Yes,1,1.38,1,183.3,106,62.8,10.26,5.1,VT
1204,1,78,No,0,0,1,236.8,141,63,13.27,9.5,VT
1205,0,153,Yes,0,0,1,193.8,90,50,9.77,8.5,NH
1206,0,92,Yes,1,2.62,0,134,112,67.2,10.3,9.7,ME
1207,0,13,Yes,1,3.05,2,176.6,65,75.5,8.64,11.3,NH
1208,0,154,Yes,0,0,3,191.4,93,50,10.27,10.2,ME
1209,0,144,No,1,3.46,0,174.8,127,83.6,10.98,12.8,VT
1210,0,48,Yes,0,0.2,1,275.2,67,65,9.01,7.9,ME
1211,0,94,Yes,0,0,1,174,85,51,12.06,7.9,ME
1212,0,139,Yes,0,0,1,165,132,50,12.49,12.6,VT
1213,0,126,Yes,0,0,1,228.7,102,54,8.44,11.8,NH
1214,0,122,Yes,0,0.29,2,107.9,88,41.9,11.79,9.5,ME
1215,0,139,Yes,0,0,1,221.3,140,52,7.89,11.3,ME
1216,0,95,Yes,0,0,3,141.1,84,42,10.57,5.9,VT
1217,0,80,Yes,1,2.89,4,166.4,92,77.9,11.92,10.7,NH
1218,0,131,Yes,1,2.05,3,249.6,87,82.5,11.36,7.6,NH
1219,0,36,Yes,0,0,1,178.6,83,49,10.66,10.9,NH
1220,0,180,Yes,0,0,2,139,96,43,11.25,15.7,NH
1221,0,25,Yes,0,0,2,134.3,98,41,10.12,12.6,VT
1222,0,113,Yes,0,0,3,215.9,93,58,12.01,4.9,NH
1223,0,88,Yes,1,3.08,1,181.6,91,79.8,10.66,11.4,ME
1224,0,120,Yes,0,0,1,178.4,97,45,8.42,9.3,VT
1225,0,74,Yes,0,0,1,106.4,84,31,7.01,11.4,VT
1226,0,109,Yes,0,0,2,170.7,101,50,12.01,11.4,ME
1227,0,162,Yes,1,3.32,0,184.5,139,80.2,9.16,12.3,NH
1228,0,124,Yes,1,2.4,1,161.2,109,69,10.21,8.9,ME
1229,0,177,Yes,0,0.27,2,84.9,77,39.7,12.88,7.5,VT
1230,0,91,Yes,0,0,1,217.9,71,57,11.51,10.6,VT
1231,1,105,Yes,0,0,0,270.9,98,66,11.31,8.8,VT
1232,1,24,Yes,0,0.23,0,243,91,59.3,9.2,15.3,NH
1233,0,48,Yes,0,0,0,128.2,71,26,2.41,8.9,VT
1234,0,86,Yes,0,0,2,126.3,115,36,8.44,9.8,ME
1235,0,163,Yes,0,0.35,4,178.7,56,52.5,10.79,10.6,VT
1236,0,91,Yes,0,0.3,0,159,109,52,12.76,10.1,VT
1237,0,56,Yes,0,0,3,150.9,79,40,8.09,11.7,NH
1238,0,147,No,1,2.19,3,219.9,118,77.9,10.43,8.1,NH
1239,0,64,Yes,0,0.43,2,168,116,49.3,9.62,10.1,NH
1240,1,108,Yes,1,2.59,4,162.1,83,68.9,8.59,9.6,NH
1241,0,159,Yes,0,0.29,5,198.8,107,53.9,9.78,16.5,ME
1242,0,136,No,0,0,3,256.8,90,64,11.51,9.1,VT
1243,0,116,Yes,1,2.97,1,182.8,122,79.7,10.64,11,VT
1244,0,45,Yes,1,2.08,1,196.8,92,76.8,12.71,7.7,NH
1245,0,122,Yes,0,0.23,2,140.1,120,46.3,11.57,11.2,VT
1246,0,138,Yes,0,0,5,194.3,83,50,9.5,9,VT
1247,0,132,Yes,0,0,1,117.6,66,39,10.7,8.8,NH
1248,0,101,No,0,0.38,0,193.7,108,52.8,9.33,11.6,ME
1249,0,58,Yes,0,0.29,2,243.1,105,63.9,11.57,7.8,NH
1250,0,81,Yes,0,0,1,145.4,132,36,6.47,5.2,ME
1251,0,87,Yes,0,0,3,169.1,105,44,8.5,9.9,ME
1252,0,116,Yes,0,0,2,229.3,93,55,9.23,8.8,ME
1253,0,85,No,0,0.38,4,197.2,97,55.8,10.59,8.3,NH
1254,1,62,Yes,1,3,2,186.4,84,79,10.05,11.1,VT
1255,0,90,Yes,0,0,0,76.1,121,38,14.52,10.8,VT
1256,0,98,Yes,0,0,2,162.8,65,44,9.25,6,NH
1257,0,73,Yes,0,0,1,182.3,115,48,9.96,18,ME
1258,0,107,No,0,0,2,194.4,83,55,12.39,11.2,NH
1259,0,55,Yes,1,3.38,2,189.3,95,76.8,5.93,12.5,VT
1260,0,76,Yes,1,2.57,3,160.1,107,67.7,8.44,9.5,NH
1261,0,30,Yes,0,0,3,145,76,46,12.04,7.1,NH
1262,0,157,Yes,0,0,4,220.7,105,48,5.97,11.5,VT
1263,1,40,Yes,1,2.03,1,224.7,69,70.3,6.73,7.5,VT
1264,0,72,Yes,0,0.28,1,147,79,41.8,8.12,10.5,NH
1265,0,95,Yes,1,2.73,1,260.8,130,90.3,10.67,10.1,VT
1266,0,42,Yes,0,0,0,155.4,127,41,8.21,9,NH
1267,0,86,Yes,0,0.34,1,166.2,112,53.4,12.77,5.4,VT
1268,0,131,Yes,0,0.33,0,211.8,115,62.3,13.03,10.8,NH
1269,1,55,Yes,1,2.97,4,130.5,114,69.7,10.42,11,ME
1270,0,74,Yes,0,0,0,162.7,102,53,14.6,8.7,ME
1271,0,81,No,1,2.13,1,237.1,76,84.3,13.21,7.9,ME
1272,0,81,Yes,0,0,4,166.2,102,47,10.88,13.2,NH
1273,1,28,Yes,0,0,6,121.7,48,32,6.29,8.3,VT
1274,0,111,Yes,0,0,0,176.4,62,48,10.05,11.2,NH
1275,0,3,Yes,1,3.08,2,67.4,116,63.8,12.2,11.4,ME
1276,1,51,Yes,0,0,1,229.7,129,68,16.8,9.6,NH
1277,0,68,Yes,1,3.97,1,176,118,93.7,13.9,14.7,ME
1278,1,163,Yes,0,0.35,0,247.7,77,69.5,13.48,9.6,VT
1279,0,87,Yes,0,0.36,2,115.4,90,45.6,13.13,13.1,ME
1280,1,58,Yes,0,0,0,112.2,95,37,10.48,13.9,ME
1281,0,109,Yes,0,0.27,0,162.6,138,43.7,7.7,11.5,ME
1282,0,111,Yes,0,0,4,229.4,107,58,10.71,10.4,VT
1283,0,144,Yes,0,0,2,139.6,96,35,6.21,15,NH
1284,1,135,Yes,0,0,5,263.8,66,67,12.57,8.4,ME
1285,0,109,Yes,1,2.43,4,217.5,123,81.3,11.69,9,ME
1286,0,107,Yes,1,2.03,1,114.3,132,57.3,9.99,7.5,NH
1287,0,149,Yes,0,0,2,196.3,108,45,6.84,7.7,NH
1288,0,56,Yes,0,0.3,1,253.2,95,63,9.4,4.4,NH
1289,0,129,Yes,0,0.37,0,98,99,41.7,12.04,10.5,VT
1290,0,92,Yes,0,0,0,249.4,118,61,10.58,9.1,ME
1291,0,67,Yes,1,3.92,1,129.6,107,81.2,11.65,14.5,NH
1292,0,120,Yes,0,0,0,221.3,106,61,13.38,9.3,ME
1293,0,166,Yes,0,0.39,1,220.7,106,56.9,8.89,12.4,NH
1294,0,66,Yes,0,0.24,1,87.6,76,40.4,13.1,9.2,NH
1295,0,76,Yes,0,0,0,203.6,61,49,8.09,8.4,VT
1296,0,79,Yes,0,0,2,213.6,110,57,11.75,8.8,NH
1297,0,98,Yes,1,3.48,2,181.6,112,84.8,11.04,12.9,NH
1298,0,141,Yes,1,2.11,1,215.4,123,86.1,16.44,7.8,ME
1299,1,49,Yes,0,0,2,266.3,90,63,10.39,14,VT
1300,0,46,Yes,0,0.21,3,199.2,111,51.1,8.76,10.2,ME
1301,0,137,Yes,0,0.13,3,115,130,33.3,6.89,7.3,VT
1302,1,171,Yes,0,0,1,270.5,69,66,11.5,9.6,ME
1303,0,10,Yes,0,0.42,1,222.2,127,55.2,7.66,12.9,NH
1304,0,88,Yes,0,0,3,61.9,78,33,13.13,8.8,VT
1305,0,89,Yes,0,0,2,141.1,92,46,12.46,10.8,ME
1306,1,82,Yes,0,0,3,189.2,81,48,9.22,10.6,ME
1307,0,139,Yes,0,0,3,196,135,50,9.3,9.8,NH
1308,0,87,Yes,0,0,0,171.6,119,47,10.25,13.8,NH
1309,0,137,No,0,0.34,2,174,123,47.4,8.07,11.4,NH
1310,1,45,Yes,0,0,1,78.6,106,30,9.37,7.4,NH
1311,0,90,Yes,0,0,1,200.9,92,49,8.22,8.9,NH
1312,0,103,Yes,0,0,1,141.3,123,46,12.68,6.4,VT
1313,0,100,Yes,0,0.21,2,235.8,130,58.1,8.8,7.3,NH
1314,0,110,Yes,0,0,3,185.1,100,46,8.26,6.3,NH
1315,0,124,Yes,0,0,2,254.3,113,50,3.95,11.8,VT
1316,0,10,Yes,0,0,2,183,103,50,10.74,8.7,ME
1317,0,89,Yes,1,2.03,2,163.5,80,72.3,13.74,7.5,ME
1318,0,121,Yes,0,0.32,2,207.9,98,57.2,10.53,7.7,ME
1319,0,101,Yes,0,0,3,248.6,102,58,8.75,6.1,ME
1320,0,103,Yes,1,3.92,2,185.4,105,88.2,9.88,14.5,NH
1321,0,51,Yes,0,0,1,197.8,60,53,11.05,8.9,ME
1322,1,2,No,0,0.27,2,132.1,42,37.7,6.95,9.1,VT
1323,0,111,Yes,0,0,0,197.1,117,53,11.39,9.3,VT
1324,0,118,Yes,0,0,2,154.6,112,42,9.21,12.6,VT
1325,1,17,Yes,1,2.7,6,153.1,115,69,9.3,10,VT
1326,0,130,Yes,0,0,2,211.2,119,56,11.56,6.3,ME
1327,1,193,Yes,0,0.29,2,96.8,92,31.9,7.13,10.9,ME
1328,0,114,Yes,0,0.4,1,172,145,57,13.82,10.1,ME
1329,0,137,Yes,0,0.29,2,141.1,91,39.9,7.36,8,NH
1330,0,185,Yes,1,3.73,2,151.1,121,84.3,12.24,13.8,ME
1331,0,101,Yes,0,0,3,209.6,107,56,11.44,7.6,ME
1332,0,95,Yes,1,2.84,3,247,109,81.4,6.28,10.5,ME
1333,0,7,Yes,1,2.92,1,221.4,114,81.2,8.29,10.8,ME
1334,1,126,Yes,0,0,1,321.3,99,69,8.4,8,NH
1335,0,71,Yes,0,0,0,243.7,124,47,3,11.3,NH
1336,0,124,Yes,0,0,3,251.5,85,61,10.71,11.1,VT
1337,1,97,No,0,0.38,0,236.9,107,57.8,7.88,7.3,NH
1338,0,28,Yes,0,0,2,159.7,79,46,10.84,9.3,VT
1339,1,90,No,0,0,4,148.2,96,44,11.02,9.2,VT
1340,0,190,Yes,0,0,1,150.9,86,49,13.43,14.7,ME
1341,0,31,Yes,1,3.11,1,210.5,101,89.1,12.53,11.5,VT
1342,0,52,Yes,1,1.11,2,170.9,71,58.1,10.07,4.1,VT
1343,0,73,Yes,0,0,0,254.7,80,51,4.51,10.6,NH
1344,1,111,Yes,0,0,0,284.4,89,62,7.85,8.4,NH
1345,1,98,Yes,0,0,4,0,0,14,7.98,6.8,ME
1346,1,106,No,0,0,1,133.7,45,39,9.39,10.7,ME
1347,0,111,Yes,0,0,0,224.9,117,55,9.6,10.3,ME
1348,0,59,Yes,0,0.26,1,151.8,98,46.6,10.5,11.9,ME
1349,0,71,Yes,1,1.51,2,141.4,107,53.1,8.15,5.6,VT
1350,1,55,Yes,0,0.4,0,285.7,124,73,11.55,14.8,VT
1351,0,13,Yes,0,0,1,58.4,121,33,13.11,11.9,ME
1352,0,136,Yes,1,3.54,0,90.4,105,68.4,10.07,13.1,NH
1353,0,123,Yes,0,0.24,0,114.4,91,40.4,10.83,11,ME
1354,0,105,Yes,0,0.26,2,147.7,103,47.6,11.14,12.8,VT
1355,0,50,Yes,1,3.67,3,302.7,93,108.7,12.03,13.6,VT
1356,0,118,Yes,0,0,1,136.1,120,41,10.21,11.3,VT
1357,0,97,Yes,0,0,3,169.7,84,43,8.3,12.8,ME
1358,0,51,Yes,0,0,0,227.2,89,56,9.72,14.9,NH
1359,1,73,Yes,0,0,1,217.8,91,56,11.03,10.3,VT
1360,0,35,Yes,0,0.32,2,124.2,102,35.2,6.2,13.1,ME
1361,0,64,Yes,0,0,1,206.2,76,55,11.62,13.6,NH
1362,0,63,Yes,0,0,3,132.9,122,29,3.35,9.9,NH
1363,0,117,Yes,1,2.08,3,104.9,115,59.8,11.88,7.7,ME
1364,1,115,Yes,0,0,1,245,97,63,12.54,13.7,ME
1365,0,162,Yes,0,0,1,184.5,118,51,11.2,11.6,ME
1366,0,89,Yes,0,0,3,89.5,66,31,8.97,12.3,VT
1367,0,94,No,0,0.28,1,235.6,131,59.8,9.74,8.6,VT
1368,0,129,Yes,0,0,4,186,127,54,13.12,11.5,NH
1369,0,86,Yes,0,0,1,223.9,75,52,7.79,7.3,VT
1370,0,96,Yes,0,0,1,179.5,125,45,8.12,6.6,NH
1371,0,190,Yes,0,0,1,169.4,102,51,12.68,8.9,ME
1372,0,80,Yes,0,0,1,118.1,90,33,7.22,8.2,ME
1373,1,108,Yes,0,0,4,112,105,36,9.69,4.1,ME
1374,0,97,Yes,1,2.3,0,168.4,129,71,11.3,8.5,VT
1375,0,84,Yes,1,3.05,0,214.3,112,83.5,9.41,11.3,NH
1376,1,65,Yes,0,0,4,245.7,139,63,12.1,4.2,VT
1377,0,131,Yes,1,3.62,1,156.6,134,69.2,3.55,13.4,NH
1378,0,58,No,1,2.4,1,142.8,96,72,13.62,8.9,NH
1379,0,36,Yes,0,0.29,3,202.4,115,57.9,11.54,10.2,VT
1380,0,54,Yes,0,0,1,116.8,119,31,6.16,12,ME
1381,0,45,Yes,0,0.37,1,155.7,110,52.7,13.02,11,NH
1382,0,125,Yes,1,2.46,2,236.1,107,89.6,14.46,9.1,ME
1383,0,72,Yes,1,2.21,2,138.1,113,68.1,13.01,8.2,NH
1384,0,141,Yes,0,0.26,3,51.9,108,25.6,8.1,10.1,ME
1385,0,113,Yes,0,0,0,81.3,116,33,11.03,8.9,NH
1386,0,20,Yes,1,1.92,0,171.5,98,62.2,7.66,7.1,VT
1387,0,212,Yes,0,0,1,126,96,34,7.22,7.6,ME
1388,0,99,No,0,0,4,197.2,127,47,7.8,9.9,ME
1389,0,94,Yes,0,0,1,194.1,62,53,11.36,15.3,VT
1390,0,40,Yes,0,0,1,115.7,105,31,6.39,9.3,NH
1391,0,86,Yes,1,2.27,3,157.2,118,66.7,9.82,8.4,NH
1392,1,101,Yes,0,0,3,269.7,85,64,10.38,4.5,NH
1393,0,170,Yes,0,0.21,0,246.4,107,64.1,11.41,9.1,VT
1394,0,105,Yes,0,0,1,227.4,121,62,13.43,13,ME
1395,0,103,Yes,0,0.33,0,189.8,110,46.3,5.78,12.2,ME
1396,0,140,No,1,3.11,4,188.9,124,77.1,8.05,11.5,NH
1397,0,101,Yes,0,0.3,1,0,0,20,9.61,7.2,NH
1398,0,98,Yes,1,2.97,1,110.5,87,68.7,11.39,11,NH
1399,0,104,Yes,0,0.33,4,167.6,116,51.3,10.96,11.7,NH
1400,0,115,Yes,0,0,3,132,90,40,9.88,0,NH
1401,0,112,Yes,0,0,0,167.8,88,50,12.4,11.9,VT
1402,0,70,Yes,0,0,1,213.4,86,54,10.24,5.7,VT
1403,0,126,Yes,0,0,0,175.4,120,39,4.92,10.6,NH
1404,0,87,Yes,1,2.57,3,82.6,113,59.7,11.22,9.5,NH
1405,1,125,Yes,0,0,4,143.2,80,32,4.41,8.8,ME
1406,0,86,Yes,0,0,1,125.5,139,45,13.49,8.9,ME
1407,1,73,Yes,1,3.19,6,82.3,105,67.9,12.81,11.8,NH
1408,0,232,Yes,0,0.14,1,165.6,104,46.4,9.8,11.8,ME
1409,0,1,Yes,1,2.27,0,183.1,95,73.7,11.63,8.4,ME
1410,0,133,Yes,0,0,1,162.1,91,46,10.61,12.2,VT
1411,0,103,Yes,0,0,1,166.6,84,45,9.62,7.7,NH
1412,0,131,Yes,1,2.54,1,135.9,60,68.4,11.66,9.4,NH
1413,0,95,Yes,1,2.65,0,165.7,78,73.5,10.78,9.8,ME
1414,0,182,Yes,0,0.35,1,176.1,90,48.5,8.75,9.7,VT
1415,0,99,Yes,0,0,0,142.3,89,42,10.23,9.1,ME
1416,0,27,Yes,0,0,3,177.6,121,56,14.84,7.6,ME
1417,0,141,Yes,0,0.32,1,83.2,74,34.2,9.53,10.7,VT
1418,0,29,No,1,1.54,2,235,101,71.4,9.17,5.7,ME
1419,0,65,Yes,0,0,2,105.7,95,31,7.09,6.6,NH
1420,1,81,No,0,0,3,149.4,68,41,8.6,17.9,ME
1421,0,37,Yes,1,2.81,0,264.7,81,92.1,10.83,10.4,ME
1422,0,107,Yes,1,1.51,1,160.3,45,62.1,11.08,5.6,VT
1423,0,127,No,1,2.81,1,95.9,117,58.1,7.98,10.4,ME
1424,0,78,Yes,0,0.34,0,140.7,77,44.4,9.76,11.7,ME
1425,0,55,Yes,0,0,2,119.7,148,41,11.59,4.6,NH
1426,0,86,Yes,1,2.65,2,99.9,84,66.5,13.18,9.8,VT
1427,0,176,Yes,0,0,2,250.9,108,58,8.57,9.6,VT
1428,0,96,No,0,0,2,200.6,117,59,14.48,11.2,NH
1429,0,11,Yes,1,1.89,1,209.8,130,71.9,9.83,7,NH
1430,0,48,Yes,1,2.05,1,198,70,77.5,13.69,7.6,VT
1431,0,127,Yes,0,0,1,239.8,107,52,6.45,11.3,VT
1432,0,63,Yes,0,0.27,0,164.5,75,43.7,7.4,11.2,VT
1433,0,79,Yes,0,0,1,220.9,107,54,9.61,12.2,NH
1434,0,47,Yes,1,3.56,2,112.8,150,75.6,12.2,13.2,NH
1435,1,89,No,1,3,0,112.6,114,72,13.09,11.1,VT
1436,0,83,Yes,1,2.92,1,226.4,117,88.2,11.74,10.8,VT
1437,0,126,No,1,2.62,4,244.9,118,87.2,10.98,9.7,VT
1438,0,60,Yes,0,0.27,2,203.2,99,57.7,11.79,15.1,ME
1439,0,122,Yes,0,0,0,136.7,115,44,12.16,8.6,VT
1440,0,136,Yes,0,0,1,152.6,97,44,10.45,5,ME
1441,0,172,Yes,1,2.38,1,274.9,102,86.8,9.33,8.8,NH
1442,1,102,Yes,0,0,1,195.7,116,52,10.46,8.3,VT
1443,0,113,No,0,0.31,1,204.3,82,54.1,9.44,9.2,VT
1444,0,79,Yes,0,0,3,222.3,99,51,7.31,8.9,NH
1445,0,55,Yes,1,2.62,1,222.5,104,79.2,8.58,9.7,VT
1446,0,111,Yes,1,2.78,2,128.8,104,63.8,7.87,10.3,VT
1447,0,160,Yes,0,0.31,0,174.3,105,48.1,8.57,8.3,NH
1448,0,110,Yes,0,0,4,242.5,110,56,8.12,7.8,VT
1449,0,192,Yes,0,0,4,221.6,101,62,14.26,12.7,NH
1450,0,93,Yes,0,0,0,114.3,100,39,11.06,10.9,VT
1451,0,101,Yes,1,2.57,2,219.7,137,79.7,9.34,9.5,ME
1452,0,77,Yes,0,0,2,144.9,136,38,7.57,12.3,VT
1453,0,105,Yes,1,2.19,2,236.5,111,72.9,5.85,8.1,VT
1454,1,133,Yes,1,3.81,2,174,80,86.1,10.47,14.1,NH
1455,0,131,Yes,0,0,1,109.5,95,47,16.61,6.6,ME
1456,0,106,Yes,1,2.67,1,81.6,120,60.7,11.78,9.9,ME
1457,0,118,Yes,0,0,1,133.4,113,33,6.05,5.9,NH
1458,0,125,Yes,0,0,1,137.1,94,42,10.49,8.6,VT
1459,0,95,Yes,0,0,0,197,88,50,9.52,16.1,NH
1460,0,80,Yes,0,0,3,198.1,160,47,7.84,9.3,VT
1461,0,145,Yes,0,0.32,0,39.5,78,33.2,13.22,10,NH
1462,0,37,Yes,0,0,2,199.5,107,52,10.38,8.1,NH
1463,0,87,Yes,0,0,1,156.8,93,45,10.79,7.6,NH
1464,0,69,Yes,0,0,3,183.4,85,52,11.88,9,VT
1465,0,83,Yes,0,0,1,132.4,120,33,6.08,8.6,NH
1466,0,195,Yes,0,0,0,63.2,108,30,11.01,5.1,ME
1467,1,67,No,1,4.56,0,181.1,59,95.6,10.8,16.9,ME
1468,0,75,Yes,1,1.13,3,117.5,102,49.3,10.34,4.2,VT
1469,0,123,Yes,1,4.05,0,218.7,79,92.5,8.17,15,VT
1470,0,41,Yes,1,1.59,1,207.3,95,62.9,6.87,5.9,VT
1471,0,75,Yes,0,0,0,150.6,99,52,15.08,8.1,VT
1472,1,76,No,0,0.3,1,273.3,66,72,13.18,12,VT
1473,0,86,No,0,0,1,266.1,120,61,9.1,10.3,NH
1474,0,140,Yes,0,0.38,0,112.8,89,36.8,7.84,16.3,ME
1475,0,70,Yes,0,0,3,104.7,112,25,4.11,15.8,VT
1476,0,121,Yes,1,1.59,0,193.8,62,65.9,9.88,5.9,ME
1477,0,112,Yes,0,0,1,168.6,102,54,14.9,9.8,NH
1478,0,118,Yes,0,0,2,253.2,122,61,10.05,9.7,ME
1479,0,66,Yes,1,2.4,1,174.7,92,74,11.61,8.9,NH
1480,0,78,Yes,0,0.35,0,87,102,35.5,9.68,11,NH
1481,0,129,Yes,1,4,2,204.5,79,87,6.64,14.8,ME
1482,0,6,Yes,0,0,3,226.5,93,52,7.61,9.4,VT
1483,0,107,No,0,0.29,1,234.1,91,56.9,8.16,10,ME
1484,1,107,No,0,0,3,133.3,106,39,9.15,12.9,ME
1485,0,138,Yes,0,0.27,1,133.9,87,39.7,8.32,15.4,NH
1486,0,103,Yes,0,0,0,160.2,104,40,6.95,9.7,VT
1487,0,116,Yes,1,3,0,230.6,94,89,11.21,11.1,ME
1488,0,189,Yes,0,0,2,227.4,84,54,8.8,6.3,ME
1489,0,161,Yes,0,0,2,72.8,120,36,13.36,11.8,ME
1490,0,1,Yes,0,0.25,1,196.1,107,61.5,14.83,7,NH
1491,0,89,Yes,0,0,1,197.1,110,48,8.3,12.8,ME
1492,0,64,Yes,0,0,1,219.6,126,64,15.17,9.7,ME
1493,1,126,Yes,1,3.46,4,153.4,90,73.6,7.57,12.8,ME
1494,0,129,Yes,0,0,2,216,85,53,9.35,4.9,VT
1495,0,128,Yes,1,2.92,0,222.9,136,90.2,13.1,10.8,ME
1496,0,81,Yes,1,3.16,3,115.9,120,71.6,11.83,11.7,ME
1497,0,114,Yes,0,0,1,189.8,101,45,7.39,10.6,ME
1498,0,50,Yes,0,0,0,154.7,102,52,14.9,11.1,NH
1499,0,86,Yes,0,0,3,136.4,104,41,10.13,11.5,VT
1500,0,96,Yes,0,0,1,170.5,86,53,13.88,12.2,NH
1501,0,72,Yes,0,0.27,0,272.4,88,58.7,5.4,12.7,NH
1502,0,64,Yes,1,1.59,8,210,116,71.9,11.64,5.9,NH
1503,0,57,No,1,3.29,2,236.5,94,87.9,8.16,12.2,NH
1504,0,65,Yes,0,0,2,153.9,117,45,11.01,8.5,ME
1505,0,163,Yes,0,0,1,223,120,58,11.35,8.8,VT
1506,0,136,Yes,0,0.36,2,252.4,74,61.6,8.4,10.7,VT
1507,0,116,Yes,0,0,1,197.9,84,48,8.41,12,VT
1508,0,93,Yes,0,0.17,3,152.4,74,51.7,13.73,6.6,ME
1509,0,142,Yes,1,2.48,3,237.4,105,80.8,8.8,9.2,ME
1510,0,92,Yes,0,0,1,265.6,82,61,9.04,8.6,ME
1511,0,70,Yes,0,0,1,197.3,91,60,15.29,6.7,VT
1512,0,22,Yes,1,1.13,1,199.1,100,64.3,11.09,4.2,ME
1513,0,37,Yes,0,0,2,233.7,114,58,10.4,12,ME
1514,0,51,Yes,0,0,1,183.1,99,45,8.01,7,NH
1515,0,174,Yes,0,0.22,2,139.4,96,38.2,7.17,10,VT
